symbol,score_precise,abs_label,percentile,gap_to_next,rank_band,next_rank_band,near_identical_but_separated
GBPCHF,2.366255144032922,Bullish,100.0,0.1788,very_bullish,very_bullish,False
NZDCHF,2.1875,Bullish,96.42857142857143,0.239,very_bullish,very_bullish,False
USDCHF,1.9485294117647058,Bullish,92.85714285714286,0.0967,very_bullish,very_bullish,False
EURCHF,1.8518518518518516,Bullish,89.28571428571429,0.0941,very_bullish,very_bullish,False
GBPAUD,1.7577895355673132,Bullish,85.71428571428571,0.2995,very_bullish,very_bullish,False
GBPCAD,1.458333333333333,Bullish,82.14285714285714,0.1356,very_bullish,bullish,False
NZDCAD,1.3227513227513228,Bullish,78.57142857142857,0.0147,bullish,bullish,False
GBPJPY,1.3080540858318634,Bullish,75.0,0.0118,bullish,bullish,False
CADCHF,1.2962962962962963,Neutral,71.42857142857143,0.1505,bullish,bullish,False
NZDJPY,1.1458333333333333,Neutral,67.85714285714286,0.1261,bullish,bullish,False
USDCAD,1.0197368421052635,Neutral,64.28571428571429,0.1216,bullish,bullish,False
USDJPY,0.8981092436974791,Neutral,60.71428571428571,0.0398,bullish,neutral,True
GBPNZD,0.8583186360964139,Neutral,57.14285714285714,0.0647,neutral,neutral,False
EURJPY,0.7936507936507936,Neutral,51.78571428571429,0.0,neutral,neutral,False
CADJPY,0.7936507936507936,Neutral,51.78571428571429,0.1058,neutral,neutral,False
EURAUD,0.6878306878306878,Neutral,46.42857142857143,0.4795,neutral,neutral,False
AUDCHF,0.20833333333333356,Neutral,42.857142857142854,0.2083,neutral,bearish,False
EURCAD,0.0,Neutral,39.285714285714285,0.8333,bearish,bearish,False
AUDJPY,-0.8333333333333331,Neutral,35.714285714285715,0.1698,bearish,bearish,False
NZDUSD,-1.0031512605042017,Neutral,32.142857142857146,0.0166,bearish,bearish,False
EURUSD,-1.0197368421052635,Neutral,28.57142857142857,0.0219,bearish,bearish,False
CHFJPY,-1.0416666666666665,Neutral,25.0,0.0195,bearish,bearish,False
GBPUSD,-1.061159844054581,Neutral,21.428571428571427,0.1731,bearish,very_bearish,False
AUDUSD,-1.2342436974789914,Neutral,17.857142857142858,0.0091,very_bearish,very_bearish,False
AUDCAD,-1.2433862433862435,Neutral,14.285714285714285,0.0794,very_bearish,very_bearish,False
EURNZD,-1.3227513227513228,Bearish,10.714285714285714,0.1356,very_bearish,very_bearish,False
EURGBP,-1.458333333333333,Bearish,7.142857142857142,0.5208,very_bearish,very_bearish,False
AUDNZD,-1.9791666666666665,Bearish,3.571428571428571,,very_bearish,,False
