date,n,pct_neutral,pct_directional,pct_very
2026-06-08,28,39.285714285714285,57.142857142857146,3.5714285714285716
2026-06-10,28,57.142857142857146,28.571428571428573,14.285714285714286
2026-06-11,28,60.714285714285715,25.0,14.285714285714286
2026-06-12,28,57.142857142857146,21.428571428571427,21.428571428571427
2026-06-13,28,60.714285714285715,17.857142857142858,21.428571428571427
2026-06-14,28,60.714285714285715,17.857142857142858,21.428571428571427
2026-06-15,28,57.142857142857146,21.428571428571427,21.428571428571427
2026-06-16,28,42.857142857142854,35.714285714285715,21.428571428571427
2026-06-17,28,39.285714285714285,42.857142857142854,17.857142857142858
2026-06-18,28,42.857142857142854,46.42857142857143,10.714285714285714
2026-06-19,28,39.285714285714285,39.285714285714285,21.428571428571427
2026-06-22,28,32.142857142857146,42.857142857142854,25.0
2026-06-23,28,35.714285714285715,25.0,39.285714285714285
2026-06-24,28,28.571428571428573,42.857142857142854,28.571428571428573
2026-06-25,28,35.714285714285715,42.857142857142854,21.428571428571427
2026-06-26,28,28.571428571428573,42.857142857142854,28.571428571428573
2026-06-29,28,35.714285714285715,46.42857142857143,17.857142857142858
2026-06-30,28,28.571428571428573,35.714285714285715,35.714285714285715
2026-07-01,28,28.571428571428573,25.0,46.42857142857143
2026-07-02,28,28.571428571428573,46.42857142857143,25.0
2026-07-03,28,28.571428571428573,46.42857142857143,25.0
2026-07-04,28,28.571428571428573,42.857142857142854,28.571428571428573
2026-07-05,28,50.0,35.714285714285715,14.285714285714286
2026-07-06,28,57.142857142857146,32.142857142857146,10.714285714285714
2026-07-07,28,67.85714285714286,25.0,7.142857142857143
2026-07-08,28,64.28571428571429,28.571428571428573,7.142857142857143
2026-07-09,28,67.85714285714286,21.428571428571427,10.714285714285714
2026-07-10,28,60.714285714285715,28.571428571428573,10.714285714285714
2026-07-11,28,53.57142857142857,35.714285714285715,10.714285714285714
2026-07-12,28,60.714285714285715,39.285714285714285,0.0
2026-07-13,28,60.714285714285715,39.285714285714285,0.0
2026-07-14,28,42.857142857142854,57.142857142857146,0.0
2026-07-15,28,53.57142857142857,46.42857142857143,0.0
2026-07-16,28,53.57142857142857,46.42857142857143,0.0
2026-07-17,28,50.0,50.0,0.0
2026-07-18,28,57.142857142857146,42.857142857142854,0.0
2026-07-19,28,60.714285714285715,39.285714285714285,0.0
2026-07-20,28,57.142857142857146,42.857142857142854,0.0
2026-07-21,28,64.28571428571429,35.714285714285715,0.0
2026-07-22,28,67.85714285714286,32.142857142857146,0.0
2026-07-23,28,67.85714285714286,32.142857142857146,0.0
2026-07-24,28,71.42857142857143,28.571428571428573,0.0
2026-07-25,28,60.714285714285715,39.285714285714285,0.0
2026-07-26,28,60.714285714285715,39.285714285714285,0.0
2026-07-27,28,60.714285714285715,39.285714285714285,0.0
