as_of,sigma_crossasset,n
2025-07-25,1.4201266261657772,8
2025-08-01,1.1410262931647297,8
2025-08-08,0.7167819495276958,8
2025-08-15,1.1375513214051443,8
2025-08-22,0.6720940343036099,8
2025-08-29,0.7283836183449289,8
2025-09-05,1.3758916355517272,8
2025-09-12,1.3373910203845314,8
2025-09-19,1.8941636137383764,8
2025-09-26,1.4555584269833144,8
2025-10-03,0.9598753026866661,8
2025-10-10,0.9571584317000428,8
2025-10-17,0.6234677720277141,8
2025-10-24,0.7444604234050733,8
2025-10-31,0.524906909246283,8
2025-11-07,0.7274229591665591,8
2025-11-14,0.7926508664541628,8
2025-11-21,1.1482508167955312,8
2025-11-28,1.6760777888019478,8
2025-12-05,1.6289126684636848,8
2025-12-12,0.4708073848416136,8
2025-12-19,1.2693208465642694,8
2025-12-26,1.0857345183996152,8
2026-01-02,1.2414639096199651,8
2026-01-09,2.1405604639426183,8
2026-01-16,0.7802539947326744,8
2026-01-23,0.5966297664291487,8
2026-01-30,0.7113226681834376,8
2026-02-06,0.5021334371291436,8
2026-02-13,0.6161930947691252,8
2026-02-20,0.8083146395954747,8
2026-02-27,0.8052362074535886,8
2026-03-06,1.7371108232768795,8
2026-03-13,2.300407712342339,8
2026-03-20,1.485380791473692,8
2026-03-27,1.8606446347409071,8
2026-04-03,1.1676858423126695,8
2026-04-10,1.3501066868376073,8
2026-04-17,1.6101729388497734,8
2026-04-24,1.3628343211231786,8
2026-05-01,1.1712116606810345,8
2026-05-08,0.9376114474223577,8
2026-05-15,1.01153964260412,8
2026-05-22,1.284202847969319,8
2026-05-29,0.8558681487623215,8
2026-06-05,1.7361527772777898,8
2026-06-12,1.3922182317935188,8
2026-06-19,0.9713289547169923,8
2026-06-26,2.319458305569583,8
2026-07-03,1.5285351657997337,8
2026-07-10,1.3341348381857456,8
2026-07-17,1.7147622557140099,8
2026-07-21,1.565429352810907,8
