month,Very Bearish,Bearish,Neutral,Bullish,Very Bullish,directional,very
2025-07,0.0,0.0,100.0,0.0,0.0,0.0,0.0
2025-08,0.0,8.6,81.4,10.0,0.0,18.6,0.0
2025-09,0.0,24.1,50.0,24.1,1.8,48.2,1.8
2025-10,0.7,17.9,49.3,30.0,2.1,47.9,2.8
2025-11,3.6,12.5,53.6,25.0,5.4,37.5,9.0
2025-12,1.8,16.1,65.2,17.0,0.0,33.1,1.8
2026-01,0.0,6.4,78.6,15.0,0.0,21.4,0.0
2026-02,12.5,20.5,42.9,23.2,0.9,43.7,13.4
2026-03,0.0,5.4,46.4,38.4,9.8,43.8,9.8
2026-04,0.0,3.6,59.8,33.9,2.7,37.5,2.7
2026-05,0.0,12.1,59.3,25.7,2.9,37.8,2.9
2026-06,0.0,17.9,51.8,26.8,3.6,44.7,3.6
2026-07,0.0,22.3,56.2,19.6,1.8,41.900000000000006,1.8
