battery,candidate_label,class,horizon,current_corrected_pct,candidate_corrected_pct,n_candidate,delta_pp,gate_result
real,NULL,affected_NZD_CHF,5,1.05,3.37,267,2.32,PASS
real,NULL,unaffected,5,-2.52,-2.55,314,-0.02,PASS
real,NULL,ALL,5,-0.83,0.17,581,1.0,PASS
real,NULL,affected_NZD_CHF,10,4.41,5.49,255,1.08,PASS
real,NULL,unaffected,10,-1.3,-1.31,305,-0.01,PASS
real,NULL,ALL,10,1.38,1.79,560,0.41,PASS
real,E,affected_NZD_CHF,5,1.05,3.37,267,2.32,PASS
real,E,unaffected,5,-2.52,-2.55,314,-0.02,PASS
real,E,ALL,5,-0.83,0.17,581,1.0,PASS
real,E,affected_NZD_CHF,10,4.41,5.49,255,1.08,PASS
real,E,unaffected,10,-1.3,-1.31,305,-0.01,PASS
real,E,ALL,10,1.38,1.79,560,0.41,PASS
real,D,affected_NZD_CHF,5,1.05,2.77,253,1.72,PASS
real,D,unaffected,5,-2.52,-2.22,315,0.3,PASS
real,D,ALL,5,-0.83,0.0,568,0.83,PASS
real,D,affected_NZD_CHF,10,4.41,4.56,241,0.15,PASS
real,D,unaffected,10,-1.3,-1.31,305,-0.01,PASS
real,D,ALL,10,1.38,1.28,546,-0.1,PASS
real,C,affected_NZD_CHF,5,1.05,,0,,NOT EVALUABLE (n=0)
real,C,unaffected,5,-2.52,-1.92,312,0.6,PASS
real,C,ALL,5,-0.83,-1.92,312,-1.09,PASS
real,C,affected_NZD_CHF,10,4.41,,0,,NOT EVALUABLE (n=0)
real,C,unaffected,10,-1.3,-0.99,304,0.31,PASS
real,C,ALL,10,1.38,-0.99,304,-2.37,FAIL (degrades >2pp)
placebo,NULL,affected_NZD_CHF,5,2.45,2.62,267,0.17,PASS
placebo,NULL,unaffected,5,1.89,1.91,314,0.02,PASS
placebo,NULL,ALL,5,2.16,2.24,581,0.08,PASS
placebo,NULL,affected_NZD_CHF,10,0.0,0.78,255,0.78,PASS
placebo,NULL,unaffected,10,-2.6,-2.62,305,-0.03,PASS
placebo,NULL,ALL,10,-1.38,-1.07,560,0.31,PASS
placebo,E,affected_NZD_CHF,5,2.45,2.62,267,0.17,PASS
placebo,E,unaffected,5,1.89,1.91,314,0.02,PASS
placebo,E,ALL,5,2.16,2.24,581,0.08,PASS
placebo,E,affected_NZD_CHF,10,0.0,0.78,255,0.78,PASS
placebo,E,unaffected,10,-2.6,-2.62,305,-0.03,PASS
placebo,E,ALL,10,-1.38,-1.07,560,0.31,PASS
placebo,D,affected_NZD_CHF,5,2.45,1.19,253,-1.26,PASS
placebo,D,unaffected,5,1.89,1.59,315,-0.31,PASS
placebo,D,ALL,5,2.16,1.41,568,-0.75,PASS
placebo,D,affected_NZD_CHF,10,0.0,0.41,241,0.41,PASS
placebo,D,unaffected,10,-2.6,-2.62,305,-0.03,PASS
placebo,D,ALL,10,-1.38,-1.28,546,0.1,PASS
placebo,C,affected_NZD_CHF,5,2.45,,0,,NOT EVALUABLE (n=0)
placebo,C,unaffected,5,1.89,1.92,312,0.03,PASS
placebo,C,ALL,5,2.16,1.92,312,-0.23,PASS
placebo,C,affected_NZD_CHF,10,0.0,,0,,NOT EVALUABLE (n=0)
placebo,C,unaffected,10,-2.6,-2.3,304,0.29,PASS
placebo,C,ALL,10,-1.38,-2.3,304,-0.92,PASS
