symbol,leg,ccy,indicator_key,actual,consensus,surprise,z,score,flag,stale
NZDUSD,base,NZD,cpi_yoy,1.5,1.4,0.10000000000000009,0.9710083124552257,1,,False
NZDUSD,base,NZD,ppi_yoy,0.8,0.5,0.30000000000000004,0.37369733775724917,0,,False
NZDUSD,base,NZD,gdp_qoq,0.8,0.8,0.0,0.0,0,,False
NZDUSD,base,NZD,manufacturing_pmi,59.7,,,,0,no_consensus,False
NZDUSD,base,NZD,services_pmi,50.6,,,,0,no_consensus,False
NZDUSD,base,NZD,retail_sales,0.9,0.5,0.4,0.4199436931432852,0,,False
NZDUSD,base,NZD,employment_change,0.2,0.3,-0.09999999999999998,-0.30027309973793764,0,,False
NZDUSD,base,NZD,unemployment_rate,5.3,5.4,-0.10000000000000053,0.8124038404635997,1,,False
NZDUSD,base,NZD,wage_growth,0.5,0.4,0.09999999999999998,0.8587375429068915,1,,False
NZDUSD,base,NZD,interest_rate_decision,2.5,2.5,0.0,0.0,0,,False
NZDUSD,quote,USD,cpi_yoy,3.5,3.8,-0.2999999999999998,-2.0205133572446687,-2,,False
NZDUSD,quote,USD,core_cpi,0.2,0.3,-0.09999999999999998,-1.2610953357233274,-1,,True
NZDUSD,quote,USD,ppi_yoy,-0.3,,,,0,no_consensus,False
NZDUSD,quote,USD,core_pce,0.3,0.3,0.0,0.0,0,,False
NZDUSD,quote,USD,gdp_qoq,2.0,2.2,-0.20000000000000018,-0.28959069393319015,0,,False
NZDUSD,quote,USD,manufacturing_pmi,53.3,53.8,-0.5,-0.3548257870172704,0,,False
NZDUSD,quote,USD,services_pmi,54.0,54.2,-0.20000000000000284,-0.1512381751336103,0,,False
NZDUSD,quote,USD,retail_sales,0.2,0.2,0.0,0.0,0,,False
NZDUSD,quote,USD,employment_change,57.0,114.0,-57.0,-0.825667300478823,-1,,False
NZDUSD,quote,USD,unemployment_rate,4.2,4.3,-0.09999999999999964,1.0667385033281342,1,,False
NZDUSD,quote,USD,wage_growth,0.3,0.3,0.0,0.0,0,,False
NZDUSD,quote,USD,adp,98.0,118.0,-20.0,-0.47862631224098723,0,,False
NZDUSD,quote,USD,jolts,7.59,7.28,0.3099999999999996,0.7435048554568106,0,,False
NZDUSD,quote,USD,jobless_claims,187.0,211.0,-24.0,2.5196621588597106,2,,False
NZDUSD,quote,USD,interest_rate_decision,3.75,3.75,0.0,,0,fallback,False
NZDUSD,quote,USD,rate_expectations,,,,1.381838336841471,2,,False
GBPUSD,base,GBP,cpi_yoy,2.6,2.7,-0.10000000000000009,-0.7251871581479022,0,,False
GBPUSD,base,GBP,core_cpi,2.6,2.5,0.10000000000000009,0.8587375429068924,1,,False
GBPUSD,base,GBP,ppi_yoy,0.5,0.5,0.0,0.0,0,,False
GBPUSD,base,GBP,gdp_qoq,0.1,,,,0,no_consensus,False
GBPUSD,base,GBP,manufacturing_pmi,52.5,53.1,-0.6000000000000014,-1.33658750757799,-1,,False
GBPUSD,base,GBP,services_pmi,48.8,48.8,0.0,0.0,0,,False
GBPUSD,base,GBP,retail_sales,1.0,-0.3,1.3,1.6332372236664154,2,,False
GBPUSD,base,GBP,employment_change,6.7,29.4,-22.7,-1.8470945491968918,-2,,False
GBPUSD,base,GBP,unemployment_rate,4.9,4.9,0.0,-0.0,0,,False
GBPUSD,base,GBP,wage_growth,4.3,4.5,-0.20000000000000018,-0.7990320625614534,0,,False
GBPUSD,base,GBP,interest_rate_decision,3.75,3.75,0.0,,0,fallback,False
GBPUSD,base,GBP,rate_expectations,,,,2.087437838384018,2,,False
GBPUSD,quote,USD,cpi_yoy,3.5,3.8,-0.2999999999999998,-2.0205133572446687,-2,,False
GBPUSD,quote,USD,core_cpi,0.2,0.3,-0.09999999999999998,-1.2610953357233274,-1,,True
GBPUSD,quote,USD,ppi_yoy,-0.3,,,,0,no_consensus,False
GBPUSD,quote,USD,core_pce,0.3,0.3,0.0,0.0,0,,False
GBPUSD,quote,USD,gdp_qoq,2.0,2.2,-0.20000000000000018,-0.28959069393319015,0,,False
GBPUSD,quote,USD,manufacturing_pmi,53.3,53.8,-0.5,-0.3548257870172704,0,,False
GBPUSD,quote,USD,services_pmi,54.0,54.2,-0.20000000000000284,-0.1512381751336103,0,,False
GBPUSD,quote,USD,retail_sales,0.2,0.2,0.0,0.0,0,,False
GBPUSD,quote,USD,employment_change,57.0,114.0,-57.0,-0.825667300478823,-1,,False
GBPUSD,quote,USD,unemployment_rate,4.2,4.3,-0.09999999999999964,1.0667385033281342,1,,False
GBPUSD,quote,USD,wage_growth,0.3,0.3,0.0,0.0,0,,False
GBPUSD,quote,USD,adp,98.0,118.0,-20.0,-0.47862631224098723,0,,False
GBPUSD,quote,USD,jolts,7.59,7.28,0.3099999999999996,0.7435048554568106,0,,False
GBPUSD,quote,USD,jobless_claims,187.0,211.0,-24.0,2.5196621588597106,2,,False
GBPUSD,quote,USD,interest_rate_decision,3.75,3.75,0.0,,0,fallback,False
GBPUSD,quote,USD,rate_expectations,,,,1.381838336841471,2,,False
AUDUSD,base,AUD,cpi_yoy,4.0,4.3,-0.2999999999999998,,-1,fallback,False
AUDUSD,base,AUD,core_cpi,1.0,0.8,0.19999999999999996,1.2480072611542792,1,,True
AUDUSD,base,AUD,ppi_yoy,0.4,0.9,-0.5,-0.9916216357133297,-1,,False
AUDUSD,base,AUD,gdp_qoq,0.3,0.5,-0.2,-1.5527262811292881,-2,,False
AUDUSD,base,AUD,manufacturing_pmi,51.7,,,,0,no_consensus,False
AUDUSD,base,AUD,services_pmi,53.0,,,,0,no_consensus,False
AUDUSD,base,AUD,retail_sales,1.2,0.4,0.7999999999999999,2.2194475713262274,2,,True
AUDUSD,base,AUD,employment_change,76.3,16.4,59.9,1.9818453192294252,2,,False
AUDUSD,base,AUD,unemployment_rate,4.4,4.4,0.0,-0.0,0,,False
AUDUSD,base,AUD,wage_growth,0.8,0.8,0.0,0.0,0,,False
AUDUSD,base,AUD,interest_rate_decision,4.35,4.35,0.0,0.0,0,,False
AUDUSD,base,AUD,rate_expectations,,,,0.15730068223983065,0,,True
AUDUSD,quote,USD,cpi_yoy,3.5,3.8,-0.2999999999999998,-2.0205133572446687,-2,,False
AUDUSD,quote,USD,core_cpi,0.2,0.3,-0.09999999999999998,-1.2610953357233274,-1,,True
AUDUSD,quote,USD,ppi_yoy,-0.3,,,,0,no_consensus,False
AUDUSD,quote,USD,core_pce,0.3,0.3,0.0,0.0,0,,False
AUDUSD,quote,USD,gdp_qoq,2.0,2.2,-0.20000000000000018,-0.28959069393319015,0,,False
AUDUSD,quote,USD,manufacturing_pmi,53.3,53.8,-0.5,-0.3548257870172704,0,,False
AUDUSD,quote,USD,services_pmi,54.0,54.2,-0.20000000000000284,-0.1512381751336103,0,,False
AUDUSD,quote,USD,retail_sales,0.2,0.2,0.0,0.0,0,,False
AUDUSD,quote,USD,employment_change,57.0,114.0,-57.0,-0.825667300478823,-1,,False
AUDUSD,quote,USD,unemployment_rate,4.2,4.3,-0.09999999999999964,1.0667385033281342,1,,False
AUDUSD,quote,USD,wage_growth,0.3,0.3,0.0,0.0,0,,False
AUDUSD,quote,USD,adp,98.0,118.0,-20.0,-0.47862631224098723,0,,False
AUDUSD,quote,USD,jolts,7.59,7.28,0.3099999999999996,0.7435048554568106,0,,False
AUDUSD,quote,USD,jobless_claims,187.0,211.0,-24.0,2.5196621588597106,2,,False
AUDUSD,quote,USD,interest_rate_decision,3.75,3.75,0.0,,0,fallback,False
AUDUSD,quote,USD,rate_expectations,,,,1.381838336841471,2,,False
EURUSD,base,EUR,cpi_yoy,2.8,3.0,-0.20000000000000018,-2.0076190752094982,-2,,False
EURUSD,base,EUR,core_cpi,2.4,2.5,-0.10000000000000009,-1.0038095376047504,-1,,False
EURUSD,base,EUR,ppi_yoy,0.2,0.2,0.0,0.0,0,,False
EURUSD,base,EUR,gdp_qoq,0.1,0.2,-0.1,-0.8660254037844386,-1,,False
EURUSD,base,EUR,manufacturing_pmi,52.0,51.5,0.5,0.5937892117058138,0,,False
EURUSD,base,EUR,services_pmi,51.6,49.8,1.8000000000000043,1.3416407864998765,1,,False
EURUSD,base,EUR,retail_sales,0.2,0.2,0.0,0.0,0,,False
EURUSD,base,EUR,employment_change,0.1,0.0,0.1,0.9710083124552245,1,,False
EURUSD,base,EUR,unemployment_rate,6.2,6.3,-0.09999999999999964,1.1106956648034034,1,,False
EURUSD,base,EUR,interest_rate_decision,2.4,2.4,0.0,,0,fallback,False
EURUSD,base,EUR,rate_expectations,,,,1.999669798260916,2,,False
EURUSD,quote,USD,cpi_yoy,3.5,3.8,-0.2999999999999998,-2.0205133572446687,-2,,False
EURUSD,quote,USD,core_cpi,0.2,0.3,-0.09999999999999998,-1.2610953357233274,-1,,True
EURUSD,quote,USD,ppi_yoy,-0.3,,,,0,no_consensus,False
EURUSD,quote,USD,core_pce,0.3,0.3,0.0,0.0,0,,False
EURUSD,quote,USD,gdp_qoq,2.0,2.2,-0.20000000000000018,-0.28959069393319015,0,,False
EURUSD,quote,USD,manufacturing_pmi,53.3,53.8,-0.5,-0.3548257870172704,0,,False
EURUSD,quote,USD,services_pmi,54.0,54.2,-0.20000000000000284,-0.1512381751336103,0,,False
EURUSD,quote,USD,retail_sales,0.2,0.2,0.0,0.0,0,,False
EURUSD,quote,USD,employment_change,57.0,114.0,-57.0,-0.825667300478823,-1,,False
EURUSD,quote,USD,unemployment_rate,4.2,4.3,-0.09999999999999964,1.0667385033281342,1,,False
EURUSD,quote,USD,wage_growth,0.3,0.3,0.0,0.0,0,,False
EURUSD,quote,USD,adp,98.0,118.0,-20.0,-0.47862631224098723,0,,False
EURUSD,quote,USD,jolts,7.59,7.28,0.3099999999999996,0.7435048554568106,0,,False
EURUSD,quote,USD,jobless_claims,187.0,211.0,-24.0,2.5196621588597106,2,,False
EURUSD,quote,USD,interest_rate_decision,3.75,3.75,0.0,,0,fallback,False
EURUSD,quote,USD,rate_expectations,,,,1.381838336841471,2,,False
