symbol,column,leg_presence,base_score,quote_score,displayed_value
EURUSD,manufacturing_pmi,both,0.0,0.0,0.0
EURUSD,services_pmi,both,1.0,0.0,1.0
EURUSD,gdp_qoq,both,-1.0,0.0,-1.0
EURUSD,retail_sales,both,0.0,0.0,0.0
EURUSD,cpi_yoy,both,-2.0,-2.0,0.0
EURUSD,core_cpi,both,-1.0,-1.0,0.0
EURUSD,core_pce,quote_only,,0.0,0.0
EURUSD,ppi_yoy,both,0.0,0.0,0.0
EURUSD,employment_change,both,1.0,-1.0,2.0
EURUSD,unemployment_rate,both,1.0,1.0,0.0
EURUSD,wage_growth,quote_only,,0.0,0.0
EURUSD,adp,quote_only,,0.0,0.0
EURUSD,jolts,quote_only,,0.0,0.0
EURUSD,jobless_claims,quote_only,,2.0,-2.0
EURUSD,rate_expectations,both,2.0,2.0,0.0
GBPUSD,manufacturing_pmi,both,-1.0,0.0,-1.0
GBPUSD,services_pmi,both,0.0,0.0,0.0
GBPUSD,gdp_qoq,both,0.0,0.0,0.0
GBPUSD,retail_sales,both,2.0,0.0,2.0
GBPUSD,cpi_yoy,both,0.0,-2.0,2.0
GBPUSD,core_cpi,both,1.0,-1.0,2.0
GBPUSD,core_pce,quote_only,,0.0,0.0
GBPUSD,ppi_yoy,both,0.0,0.0,0.0
GBPUSD,employment_change,both,-2.0,-1.0,-1.0
GBPUSD,unemployment_rate,both,0.0,1.0,-1.0
GBPUSD,wage_growth,both,0.0,0.0,0.0
GBPUSD,adp,quote_only,,0.0,0.0
GBPUSD,jolts,quote_only,,0.0,0.0
GBPUSD,jobless_claims,quote_only,,2.0,-2.0
GBPUSD,rate_expectations,both,2.0,2.0,0.0
USDJPY,manufacturing_pmi,both,0.0,0.0,0.0
USDJPY,services_pmi,base_only,0.0,,0.0
USDJPY,gdp_qoq,both,0.0,2.0,-2.0
USDJPY,retail_sales,both,0.0,2.0,-2.0
USDJPY,cpi_yoy,both,-2.0,0.0,-2.0
USDJPY,core_cpi,both,-1.0,0.0,-1.0
USDJPY,core_pce,base_only,0.0,,0.0
USDJPY,ppi_yoy,base_only,0.0,,0.0
USDJPY,employment_change,base_only,-1.0,,-1.0
USDJPY,unemployment_rate,both,1.0,0.0,1.0
USDJPY,wage_growth,both,0.0,0.0,0.0
USDJPY,adp,base_only,0.0,,0.0
USDJPY,jolts,base_only,0.0,,0.0
USDJPY,jobless_claims,base_only,2.0,,2.0
USDJPY,rate_expectations,both,2.0,0.0,2.0
USDCHF,manufacturing_pmi,both,0.0,0.0,0.0
USDCHF,services_pmi,base_only,0.0,,0.0
USDCHF,gdp_qoq,both,0.0,1.0,-1.0
USDCHF,retail_sales,both,0.0,1.0,-1.0
USDCHF,cpi_yoy,both,-2.0,-1.0,-1.0
USDCHF,core_cpi,base_only,-1.0,,-1.0
USDCHF,core_pce,base_only,0.0,,0.0
USDCHF,ppi_yoy,both,0.0,0.0,0.0
USDCHF,employment_change,base_only,-1.0,,-1.0
USDCHF,unemployment_rate,both,1.0,0.0,1.0
USDCHF,wage_growth,base_only,0.0,,0.0
USDCHF,adp,base_only,0.0,,0.0
USDCHF,jolts,base_only,0.0,,0.0
USDCHF,jobless_claims,base_only,2.0,,2.0
USDCHF,rate_expectations,base_only,2.0,,2.0
USDCAD,manufacturing_pmi,both,0.0,0.0,0.0
USDCAD,services_pmi,base_only,0.0,,0.0
USDCAD,gdp_qoq,both,0.0,2.0,-2.0
USDCAD,retail_sales,both,0.0,0.0,0.0
USDCAD,cpi_yoy,both,-2.0,-1.0,-1.0
USDCAD,core_cpi,both,-1.0,0.0,-1.0
USDCAD,core_pce,base_only,0.0,,0.0
USDCAD,ppi_yoy,both,0.0,-1.0,1.0
USDCAD,employment_change,both,-1.0,0.0,-1.0
USDCAD,unemployment_rate,both,1.0,0.0,1.0
USDCAD,wage_growth,base_only,0.0,,0.0
USDCAD,adp,base_only,0.0,,0.0
USDCAD,jolts,base_only,0.0,,0.0
USDCAD,jobless_claims,base_only,2.0,,2.0
USDCAD,rate_expectations,both,2.0,2.0,0.0
AUDUSD,manufacturing_pmi,both,0.0,0.0,0.0
AUDUSD,services_pmi,both,0.0,0.0,0.0
AUDUSD,gdp_qoq,both,-2.0,0.0,-2.0
AUDUSD,retail_sales,both,2.0,0.0,2.0
AUDUSD,cpi_yoy,both,-1.0,-2.0,1.0
AUDUSD,core_cpi,both,1.0,-1.0,2.0
AUDUSD,core_pce,quote_only,,0.0,0.0
AUDUSD,ppi_yoy,both,-1.0,0.0,-1.0
AUDUSD,employment_change,both,2.0,-1.0,3.0
AUDUSD,unemployment_rate,both,0.0,1.0,-1.0
AUDUSD,wage_growth,both,0.0,0.0,0.0
AUDUSD,adp,quote_only,,0.0,0.0
AUDUSD,jolts,quote_only,,0.0,0.0
AUDUSD,jobless_claims,quote_only,,2.0,-2.0
AUDUSD,rate_expectations,both,0.0,2.0,-2.0
NZDUSD,manufacturing_pmi,both,0.0,0.0,0.0
NZDUSD,services_pmi,both,0.0,0.0,0.0
NZDUSD,gdp_qoq,both,0.0,0.0,0.0
NZDUSD,retail_sales,both,0.0,0.0,0.0
NZDUSD,cpi_yoy,both,1.0,-2.0,3.0
NZDUSD,core_cpi,quote_only,,-1.0,1.0
NZDUSD,core_pce,quote_only,,0.0,0.0
NZDUSD,ppi_yoy,both,0.0,0.0,0.0
NZDUSD,employment_change,both,0.0,-1.0,1.0
NZDUSD,unemployment_rate,both,1.0,1.0,0.0
NZDUSD,wage_growth,both,1.0,0.0,1.0
NZDUSD,adp,quote_only,,0.0,0.0
NZDUSD,jolts,quote_only,,0.0,0.0
NZDUSD,jobless_claims,quote_only,,2.0,-2.0
NZDUSD,rate_expectations,quote_only,,2.0,-2.0
EURGBP,manufacturing_pmi,both,0.0,-1.0,1.0
EURGBP,services_pmi,both,1.0,0.0,1.0
EURGBP,gdp_qoq,both,-1.0,0.0,-1.0
EURGBP,retail_sales,both,0.0,2.0,-2.0
EURGBP,cpi_yoy,both,-2.0,0.0,-2.0
EURGBP,core_cpi,both,-1.0,1.0,-2.0
EURGBP,core_pce,neither,,,
EURGBP,ppi_yoy,both,0.0,0.0,0.0
EURGBP,employment_change,both,1.0,-2.0,3.0
EURGBP,unemployment_rate,both,1.0,0.0,1.0
EURGBP,wage_growth,quote_only,,0.0,0.0
EURGBP,adp,neither,,,
EURGBP,jolts,neither,,,
EURGBP,jobless_claims,neither,,,
EURGBP,rate_expectations,both,2.0,2.0,0.0
EURJPY,manufacturing_pmi,both,0.0,0.0,0.0
EURJPY,services_pmi,base_only,1.0,,1.0
EURJPY,gdp_qoq,both,-1.0,2.0,-3.0
EURJPY,retail_sales,both,0.0,2.0,-2.0
EURJPY,cpi_yoy,both,-2.0,0.0,-2.0
EURJPY,core_cpi,both,-1.0,0.0,-1.0
EURJPY,core_pce,neither,,,
EURJPY,ppi_yoy,base_only,0.0,,0.0
EURJPY,employment_change,base_only,1.0,,1.0
EURJPY,unemployment_rate,both,1.0,0.0,1.0
EURJPY,wage_growth,quote_only,,0.0,0.0
EURJPY,adp,neither,,,
EURJPY,jolts,neither,,,
EURJPY,jobless_claims,neither,,,
EURJPY,rate_expectations,both,2.0,0.0,2.0
EURCHF,manufacturing_pmi,both,0.0,0.0,0.0
EURCHF,services_pmi,base_only,1.0,,1.0
EURCHF,gdp_qoq,both,-1.0,1.0,-2.0
EURCHF,retail_sales,both,0.0,1.0,-1.0
EURCHF,cpi_yoy,both,-2.0,-1.0,-1.0
EURCHF,core_cpi,base_only,-1.0,,-1.0
EURCHF,core_pce,neither,,,
EURCHF,ppi_yoy,both,0.0,0.0,0.0
EURCHF,employment_change,base_only,1.0,,1.0
EURCHF,unemployment_rate,both,1.0,0.0,1.0
EURCHF,wage_growth,neither,,,
EURCHF,adp,neither,,,
EURCHF,jolts,neither,,,
EURCHF,jobless_claims,neither,,,
EURCHF,rate_expectations,base_only,2.0,,2.0
EURAUD,manufacturing_pmi,both,0.0,0.0,0.0
EURAUD,services_pmi,both,1.0,0.0,1.0
EURAUD,gdp_qoq,both,-1.0,-2.0,1.0
EURAUD,retail_sales,both,0.0,2.0,-2.0
EURAUD,cpi_yoy,both,-2.0,-1.0,-1.0
EURAUD,core_cpi,both,-1.0,1.0,-2.0
EURAUD,core_pce,neither,,,
EURAUD,ppi_yoy,both,0.0,-1.0,1.0
EURAUD,employment_change,both,1.0,2.0,-1.0
EURAUD,unemployment_rate,both,1.0,0.0,1.0
EURAUD,wage_growth,quote_only,,0.0,0.0
EURAUD,adp,neither,,,
EURAUD,jolts,neither,,,
EURAUD,jobless_claims,neither,,,
EURAUD,rate_expectations,both,2.0,0.0,2.0
EURNZD,manufacturing_pmi,both,0.0,0.0,0.0
EURNZD,services_pmi,both,1.0,0.0,1.0
EURNZD,gdp_qoq,both,-1.0,0.0,-1.0
EURNZD,retail_sales,both,0.0,0.0,0.0
EURNZD,cpi_yoy,both,-2.0,1.0,-3.0
EURNZD,core_cpi,base_only,-1.0,,-1.0
EURNZD,core_pce,neither,,,
EURNZD,ppi_yoy,both,0.0,0.0,0.0
EURNZD,employment_change,both,1.0,0.0,1.0
EURNZD,unemployment_rate,both,1.0,1.0,0.0
EURNZD,wage_growth,quote_only,,1.0,-1.0
EURNZD,adp,neither,,,
EURNZD,jolts,neither,,,
EURNZD,jobless_claims,neither,,,
EURNZD,rate_expectations,base_only,2.0,,2.0
EURCAD,manufacturing_pmi,both,0.0,0.0,0.0
EURCAD,services_pmi,base_only,1.0,,1.0
EURCAD,gdp_qoq,both,-1.0,2.0,-3.0
EURCAD,retail_sales,both,0.0,0.0,0.0
EURCAD,cpi_yoy,both,-2.0,-1.0,-1.0
EURCAD,core_cpi,both,-1.0,0.0,-1.0
EURCAD,core_pce,neither,,,
EURCAD,ppi_yoy,both,0.0,-1.0,1.0
EURCAD,employment_change,both,1.0,0.0,1.0
EURCAD,unemployment_rate,both,1.0,0.0,1.0
EURCAD,wage_growth,neither,,,
EURCAD,adp,neither,,,
EURCAD,jolts,neither,,,
EURCAD,jobless_claims,neither,,,
EURCAD,rate_expectations,both,2.0,2.0,0.0
GBPJPY,manufacturing_pmi,both,-1.0,0.0,-1.0
GBPJPY,services_pmi,base_only,0.0,,0.0
GBPJPY,gdp_qoq,both,0.0,2.0,-2.0
GBPJPY,retail_sales,both,2.0,2.0,0.0
GBPJPY,cpi_yoy,both,0.0,0.0,0.0
GBPJPY,core_cpi,both,1.0,0.0,1.0
GBPJPY,core_pce,neither,,,
GBPJPY,ppi_yoy,base_only,0.0,,0.0
GBPJPY,employment_change,base_only,-2.0,,-2.0
GBPJPY,unemployment_rate,both,0.0,0.0,0.0
GBPJPY,wage_growth,both,0.0,0.0,0.0
GBPJPY,adp,neither,,,
GBPJPY,jolts,neither,,,
GBPJPY,jobless_claims,neither,,,
GBPJPY,rate_expectations,both,2.0,0.0,2.0
GBPCHF,manufacturing_pmi,both,-1.0,0.0,-1.0
GBPCHF,services_pmi,base_only,0.0,,0.0
GBPCHF,gdp_qoq,both,0.0,1.0,-1.0
GBPCHF,retail_sales,both,2.0,1.0,1.0
GBPCHF,cpi_yoy,both,0.0,-1.0,1.0
GBPCHF,core_cpi,base_only,1.0,,1.0
GBPCHF,core_pce,neither,,,
GBPCHF,ppi_yoy,both,0.0,0.0,0.0
GBPCHF,employment_change,base_only,-2.0,,-2.0
GBPCHF,unemployment_rate,both,0.0,0.0,0.0
GBPCHF,wage_growth,base_only,0.0,,0.0
GBPCHF,adp,neither,,,
GBPCHF,jolts,neither,,,
GBPCHF,jobless_claims,neither,,,
GBPCHF,rate_expectations,base_only,2.0,,2.0
GBPAUD,manufacturing_pmi,both,-1.0,0.0,-1.0
GBPAUD,services_pmi,both,0.0,0.0,0.0
GBPAUD,gdp_qoq,both,0.0,-2.0,2.0
GBPAUD,retail_sales,both,2.0,2.0,0.0
GBPAUD,cpi_yoy,both,0.0,-1.0,1.0
GBPAUD,core_cpi,both,1.0,1.0,0.0
GBPAUD,core_pce,neither,,,
GBPAUD,ppi_yoy,both,0.0,-1.0,1.0
GBPAUD,employment_change,both,-2.0,2.0,-4.0
GBPAUD,unemployment_rate,both,0.0,0.0,0.0
GBPAUD,wage_growth,both,0.0,0.0,0.0
GBPAUD,adp,neither,,,
GBPAUD,jolts,neither,,,
GBPAUD,jobless_claims,neither,,,
GBPAUD,rate_expectations,both,2.0,0.0,2.0
GBPNZD,manufacturing_pmi,both,-1.0,0.0,-1.0
GBPNZD,services_pmi,both,0.0,0.0,0.0
GBPNZD,gdp_qoq,both,0.0,0.0,0.0
GBPNZD,retail_sales,both,2.0,0.0,2.0
GBPNZD,cpi_yoy,both,0.0,1.0,-1.0
GBPNZD,core_cpi,base_only,1.0,,1.0
GBPNZD,core_pce,neither,,,
GBPNZD,ppi_yoy,both,0.0,0.0,0.0
GBPNZD,employment_change,both,-2.0,0.0,-2.0
GBPNZD,unemployment_rate,both,0.0,1.0,-1.0
GBPNZD,wage_growth,both,0.0,1.0,-1.0
GBPNZD,adp,neither,,,
GBPNZD,jolts,neither,,,
GBPNZD,jobless_claims,neither,,,
GBPNZD,rate_expectations,base_only,2.0,,2.0
GBPCAD,manufacturing_pmi,both,-1.0,0.0,-1.0
GBPCAD,services_pmi,base_only,0.0,,0.0
GBPCAD,gdp_qoq,both,0.0,2.0,-2.0
GBPCAD,retail_sales,both,2.0,0.0,2.0
GBPCAD,cpi_yoy,both,0.0,-1.0,1.0
GBPCAD,core_cpi,both,1.0,0.0,1.0
GBPCAD,core_pce,neither,,,
GBPCAD,ppi_yoy,both,0.0,-1.0,1.0
GBPCAD,employment_change,both,-2.0,0.0,-2.0
GBPCAD,unemployment_rate,both,0.0,0.0,0.0
GBPCAD,wage_growth,base_only,0.0,,0.0
GBPCAD,adp,neither,,,
GBPCAD,jolts,neither,,,
GBPCAD,jobless_claims,neither,,,
GBPCAD,rate_expectations,both,2.0,2.0,0.0
AUDJPY,manufacturing_pmi,both,0.0,0.0,0.0
AUDJPY,services_pmi,base_only,0.0,,0.0
AUDJPY,gdp_qoq,both,-2.0,2.0,-4.0
AUDJPY,retail_sales,both,2.0,2.0,0.0
AUDJPY,cpi_yoy,both,-1.0,0.0,-1.0
AUDJPY,core_cpi,both,1.0,0.0,1.0
AUDJPY,core_pce,neither,,,
AUDJPY,ppi_yoy,base_only,-1.0,,-1.0
AUDJPY,employment_change,base_only,2.0,,2.0
AUDJPY,unemployment_rate,both,0.0,0.0,0.0
AUDJPY,wage_growth,both,0.0,0.0,0.0
AUDJPY,adp,neither,,,
AUDJPY,jolts,neither,,,
AUDJPY,jobless_claims,neither,,,
AUDJPY,rate_expectations,both,0.0,0.0,0.0
NZDJPY,manufacturing_pmi,both,0.0,0.0,0.0
NZDJPY,services_pmi,base_only,0.0,,0.0
NZDJPY,gdp_qoq,both,0.0,2.0,-2.0
NZDJPY,retail_sales,both,0.0,2.0,-2.0
NZDJPY,cpi_yoy,both,1.0,0.0,1.0
NZDJPY,core_cpi,quote_only,,0.0,0.0
NZDJPY,core_pce,neither,,,
NZDJPY,ppi_yoy,base_only,0.0,,0.0
NZDJPY,employment_change,base_only,0.0,,0.0
NZDJPY,unemployment_rate,both,1.0,0.0,1.0
NZDJPY,wage_growth,both,1.0,0.0,1.0
NZDJPY,adp,neither,,,
NZDJPY,jolts,neither,,,
NZDJPY,jobless_claims,neither,,,
NZDJPY,rate_expectations,quote_only,,0.0,0.0
CADJPY,manufacturing_pmi,both,0.0,0.0,0.0
CADJPY,services_pmi,neither,,,
CADJPY,gdp_qoq,both,2.0,2.0,0.0
CADJPY,retail_sales,both,0.0,2.0,-2.0
CADJPY,cpi_yoy,both,-1.0,0.0,-1.0
CADJPY,core_cpi,both,0.0,0.0,0.0
CADJPY,core_pce,neither,,,
CADJPY,ppi_yoy,base_only,-1.0,,-1.0
CADJPY,employment_change,base_only,0.0,,0.0
CADJPY,unemployment_rate,both,0.0,0.0,0.0
CADJPY,wage_growth,quote_only,,0.0,0.0
CADJPY,adp,neither,,,
CADJPY,jolts,neither,,,
CADJPY,jobless_claims,neither,,,
CADJPY,rate_expectations,both,2.0,0.0,2.0
CHFJPY,manufacturing_pmi,both,0.0,0.0,0.0
CHFJPY,services_pmi,neither,,,
CHFJPY,gdp_qoq,both,1.0,2.0,-1.0
CHFJPY,retail_sales,both,1.0,2.0,-1.0
CHFJPY,cpi_yoy,both,-1.0,0.0,-1.0
CHFJPY,core_cpi,quote_only,,0.0,0.0
CHFJPY,core_pce,neither,,,
CHFJPY,ppi_yoy,base_only,0.0,,0.0
CHFJPY,employment_change,neither,,,
CHFJPY,unemployment_rate,both,0.0,0.0,0.0
CHFJPY,wage_growth,quote_only,,0.0,0.0
CHFJPY,adp,neither,,,
CHFJPY,jolts,neither,,,
CHFJPY,jobless_claims,neither,,,
CHFJPY,rate_expectations,quote_only,,0.0,0.0
AUDNZD,manufacturing_pmi,both,0.0,0.0,0.0
AUDNZD,services_pmi,both,0.0,0.0,0.0
AUDNZD,gdp_qoq,both,-2.0,0.0,-2.0
AUDNZD,retail_sales,both,2.0,0.0,2.0
AUDNZD,cpi_yoy,both,-1.0,1.0,-2.0
AUDNZD,core_cpi,base_only,1.0,,1.0
AUDNZD,core_pce,neither,,,
AUDNZD,ppi_yoy,both,-1.0,0.0,-1.0
AUDNZD,employment_change,both,2.0,0.0,2.0
AUDNZD,unemployment_rate,both,0.0,1.0,-1.0
AUDNZD,wage_growth,both,0.0,1.0,-1.0
AUDNZD,adp,neither,,,
AUDNZD,jolts,neither,,,
AUDNZD,jobless_claims,neither,,,
AUDNZD,rate_expectations,base_only,0.0,,0.0
AUDCAD,manufacturing_pmi,both,0.0,0.0,0.0
AUDCAD,services_pmi,base_only,0.0,,0.0
AUDCAD,gdp_qoq,both,-2.0,2.0,-4.0
AUDCAD,retail_sales,both,2.0,0.0,2.0
AUDCAD,cpi_yoy,both,-1.0,-1.0,0.0
AUDCAD,core_cpi,both,1.0,0.0,1.0
AUDCAD,core_pce,neither,,,
AUDCAD,ppi_yoy,both,-1.0,-1.0,0.0
AUDCAD,employment_change,both,2.0,0.0,2.0
AUDCAD,unemployment_rate,both,0.0,0.0,0.0
AUDCAD,wage_growth,base_only,0.0,,0.0
AUDCAD,adp,neither,,,
AUDCAD,jolts,neither,,,
AUDCAD,jobless_claims,neither,,,
AUDCAD,rate_expectations,both,0.0,2.0,-2.0
AUDCHF,manufacturing_pmi,both,0.0,0.0,0.0
AUDCHF,services_pmi,base_only,0.0,,0.0
AUDCHF,gdp_qoq,both,-2.0,1.0,-3.0
AUDCHF,retail_sales,both,2.0,1.0,1.0
AUDCHF,cpi_yoy,both,-1.0,-1.0,0.0
AUDCHF,core_cpi,base_only,1.0,,1.0
AUDCHF,core_pce,neither,,,
AUDCHF,ppi_yoy,both,-1.0,0.0,-1.0
AUDCHF,employment_change,base_only,2.0,,2.0
AUDCHF,unemployment_rate,both,0.0,0.0,0.0
AUDCHF,wage_growth,base_only,0.0,,0.0
AUDCHF,adp,neither,,,
AUDCHF,jolts,neither,,,
AUDCHF,jobless_claims,neither,,,
AUDCHF,rate_expectations,base_only,0.0,,0.0
NZDCAD,manufacturing_pmi,both,0.0,0.0,0.0
NZDCAD,services_pmi,base_only,0.0,,0.0
NZDCAD,gdp_qoq,both,0.0,2.0,-2.0
NZDCAD,retail_sales,both,0.0,0.0,0.0
NZDCAD,cpi_yoy,both,1.0,-1.0,2.0
NZDCAD,core_cpi,quote_only,,0.0,0.0
NZDCAD,core_pce,neither,,,
NZDCAD,ppi_yoy,both,0.0,-1.0,1.0
NZDCAD,employment_change,both,0.0,0.0,0.0
NZDCAD,unemployment_rate,both,1.0,0.0,1.0
NZDCAD,wage_growth,base_only,1.0,,1.0
NZDCAD,adp,neither,,,
NZDCAD,jolts,neither,,,
NZDCAD,jobless_claims,neither,,,
NZDCAD,rate_expectations,quote_only,,2.0,-2.0
NZDCHF,manufacturing_pmi,both,0.0,0.0,0.0
NZDCHF,services_pmi,base_only,0.0,,0.0
NZDCHF,gdp_qoq,both,0.0,1.0,-1.0
NZDCHF,retail_sales,both,0.0,1.0,-1.0
NZDCHF,cpi_yoy,both,1.0,-1.0,2.0
NZDCHF,core_cpi,neither,,,
NZDCHF,core_pce,neither,,,
NZDCHF,ppi_yoy,both,0.0,0.0,0.0
NZDCHF,employment_change,base_only,0.0,,0.0
NZDCHF,unemployment_rate,both,1.0,0.0,1.0
NZDCHF,wage_growth,base_only,1.0,,1.0
NZDCHF,adp,neither,,,
NZDCHF,jolts,neither,,,
NZDCHF,jobless_claims,neither,,,
NZDCHF,rate_expectations,neither,,,
CADCHF,manufacturing_pmi,both,0.0,0.0,0.0
CADCHF,services_pmi,neither,,,
CADCHF,gdp_qoq,both,2.0,1.0,1.0
CADCHF,retail_sales,both,0.0,1.0,-1.0
CADCHF,cpi_yoy,both,-1.0,-1.0,0.0
CADCHF,core_cpi,base_only,0.0,,0.0
CADCHF,core_pce,neither,,,
CADCHF,ppi_yoy,both,-1.0,0.0,-1.0
CADCHF,employment_change,base_only,0.0,,0.0
CADCHF,unemployment_rate,both,0.0,0.0,0.0
CADCHF,wage_growth,neither,,,
CADCHF,adp,neither,,,
CADCHF,jolts,neither,,,
CADCHF,jobless_claims,neither,,,
CADCHF,rate_expectations,base_only,2.0,,2.0
