as_of,pct_diverging_pairs
2025-07-25,67.85714285714286
2025-08-01,42.857142857142854
2025-08-08,0.0
2025-08-15,46.42857142857143
2025-08-22,42.857142857142854
2025-08-29,46.42857142857143
2025-09-05,71.42857142857143
2025-09-12,60.71428571428571
2025-09-19,64.28571428571429
2025-09-26,67.85714285714286
2025-10-03,46.42857142857143
2025-10-10,42.857142857142854
2025-10-17,53.57142857142857
2025-10-24,60.71428571428571
2025-10-31,25.0
2025-11-07,25.0
2025-11-14,60.71428571428571
2025-11-21,25.0
2025-11-28,46.42857142857143
2025-12-05,67.85714285714286
2025-12-12,75.0
2025-12-19,82.14285714285714
2025-12-26,75.0
2026-01-02,75.0
2026-01-09,60.71428571428571
2026-01-16,46.42857142857143
2026-01-23,42.857142857142854
2026-01-30,46.42857142857143
2026-02-06,46.42857142857143
2026-02-13,75.0
2026-02-20,78.57142857142857
2026-02-27,53.57142857142857
2026-03-06,42.857142857142854
2026-03-13,53.57142857142857
2026-03-20,53.57142857142857
2026-03-27,42.857142857142854
2026-04-03,42.857142857142854
2026-04-10,57.14285714285714
2026-04-17,60.71428571428571
2026-04-24,25.0
2026-05-01,42.857142857142854
2026-05-08,60.71428571428571
2026-05-15,67.85714285714286
2026-05-22,82.14285714285714
2026-05-29,78.57142857142857
2026-06-05,60.71428571428571
2026-06-12,67.85714285714286
2026-06-19,71.42857142857143
2026-06-26,67.85714285714286
2026-07-03,67.85714285714286
2026-07-10,25.0
2026-07-17,60.71428571428571
2026-07-21,42.857142857142854
