as_of,AUD,CAD,CHF,EUR,GBP,JPY,NZD,USD
2025-07-25,-0.8333333333333331,3.125,0.8333333333333333,2.5,0.625,0.0,2.638888888888889,2.395833333333333
2025-08-01,0.41666666666666674,1.875,2.5,1.25,1.25,-1.25,2.638888888888889,0.5208333333333333
2025-08-08,-0.8333333333333333,1.875,2.5,1.6666666666666665,0.625,-1.875,2.0833333333333335,-0.3125
2025-08-15,-0.41666666666666663,-0.625,2.5,2.2916666666666665,1.4583333333333335,-1.875,2.0833333333333335,-1.9791666666666665
2025-08-22,-0.41666666666666663,-1.4583333333333335,2.5,1.0416666666666665,0.20833333333333337,-0.625,0.41666666666666663,-2.5
2025-08-29,0.8333333333333333,-1.4583333333333335,1.6666666666666665,1.0416666666666665,0.20833333333333337,-1.25,0.0,-3.541666666666666
2025-09-05,2.708333333333333,-2.2916666666666665,-1.6666666666666665,0.2083333333333333,1.1458333333333335,1.875,0.0,-1.875
2025-09-12,2.708333333333333,-3.541666666666666,-1.6666666666666665,0.2083333333333333,1.1458333333333335,1.875,0.0,-0.625
2025-09-19,2.083333333333333,-3.541666666666666,-1.6666666666666665,0.2083333333333333,0.3125,1.25,-0.41666666666666663,-0.9375
2025-09-26,3.333333333333333,-3.958333333333333,-1.6666666666666665,1.458333333333333,0.3125,2.5,-0.41666666666666663,0.3125
2025-10-03,2.083333333333333,-2.291666666666667,0.0,-0.41666666666666674,0.3125,-1.25,-0.41666666666666663,0.3125
2025-10-10,3.333333333333333,0.2083333333333333,-1.6666666666666665,-0.625,0.625,-3.125,-0.41666666666666663,-0.25
2025-10-17,2.083333333333333,0.20833333333333315,-1.6666666666666665,-1.875,-1.25,-4.375,-0.41666666666666663,-0.25
2025-10-24,0.8333333333333331,1.875,-1.6666666666666665,-1.875,-3.333333333333333,-4.375,0.41666666666666663,-0.625
2025-10-31,2.5,3.125,-1.6666666666666665,-0.625,-2.916666666666667,-1.25,0.41666666666666663,-1.458333333333333
2025-11-07,2.5,1.875,-1.6666666666666665,-0.20833333333333337,-3.020833333333333,-0.625,0.41666666666666663,-0.8333333333333333
2025-11-14,5.416666666666668,2.5,-1.6666666666666665,1.0416666666666665,-1.770833333333333,-0.625,0.41666666666666663,0.0
2025-11-21,5.416666666666668,2.083333333333333,-1.6666666666666665,-0.20833333333333337,-0.9375,-0.625,0.41666666666666663,-0.875
2025-11-28,5.0,2.083333333333333,-1.6666666666666665,-0.20833333333333337,-1.5625,0.625,0.8333333333333333,-0.41666666666666663
2025-12-05,1.2499999999999998,4.583333333333333,-0.8333333333333333,1.6666666666666665,-1.875,1.875,0.8333333333333333,-1.0
2025-12-12,0.8333333333333331,3.958333333333333,-0.8333333333333333,1.6666666666666665,-0.625,1.875,0.8333333333333333,-0.41666666666666663
2025-12-19,0.8333333333333331,2.708333333333333,-2.5,1.6666666666666665,-1.666666666666667,1.875,1.25,-3.125
2025-12-26,0.8333333333333331,2.916666666666667,-2.5,1.6666666666666665,-0.10416666666666685,2.5,1.25,-1.875
2026-01-02,0.8333333333333331,1.6666666666666665,-2.5,1.6666666666666665,-0.10416666666666685,2.5,1.25,-1.6666666666666665
2026-01-09,-2.5,-0.8333333333333335,-3.611111111111111,0.8333333333333335,-2.916666666666667,0.0,1.25,-1.666666666666667
2026-01-16,-2.5,-0.20833333333333337,-3.611111111111111,0.8333333333333335,-0.41666666666666674,1.25,1.25,1.4583333333333335
2026-01-23,0.41666666666666674,-1.0416666666666665,-1.1111111111111112,0.8333333333333335,0.0,1.25,0.41666666666666663,2.8125
2026-01-30,2.5,-1.0416666666666665,-1.1111111111111112,0.5208333333333334,0.0,1.25,0.41666666666666663,0.10416666666666664
2026-02-06,2.5,-1.0416666666666665,0.0,-0.10416666666666657,0.625,1.25,-0.6944444444444443,0.41666666666666663
2026-02-13,2.5,0.8333333333333335,3.333333333333333,-1.3541666666666665,0.0,2.5,-0.6944444444444443,-0.9375
2026-02-20,1.4583333333333335,-0.4166666666666666,3.333333333333333,-0.7291666666666665,-3.333333333333333,-0.8333333333333333,-0.6944444444444443,-0.41666666666666674
2026-02-27,0.20833333333333337,-0.8333333333333335,2.5,0.5208333333333335,-3.020833333333333,-0.41666666666666663,-0.6944444444444443,-1.875
2026-03-06,1.0416666666666665,1.6666666666666665,-5.0,5.9375,1.979166666666667,-1.0416666666666665,-0.6944444444444443,0.20833333333333331
2026-03-13,3.541666666666666,5.416666666666666,-5.0,5.9375,1.979166666666667,-1.0416666666666665,-0.6944444444444443,2.0833333333333335
2026-03-20,3.125,2.2916666666666665,-4.166666666666667,5.9375,3.645833333333333,-1.0416666666666665,-1.1111111111111112,3.020833333333333
2026-03-27,1.875,0.8333333333333335,-4.166666666666667,6.25,2.8125,0.0,-1.1111111111111112,2.8125
2026-04-03,1.875,0.0,-3.888888888888889,2.5,2.1875,0.8333333333333335,-1.1111111111111112,3.020833333333333
2026-04-10,1.875,-2.5,-0.5555555555555556,2.291666666666667,1.875,0.8333333333333335,-1.1111111111111112,0.10416666666666657
2026-04-17,0.625,-1.25,-1.3888888888888888,1.0416666666666667,0.0,0.8333333333333335,-1.1111111111111112,-1.25
2026-04-24,-0.625,-0.41666666666666663,-1.3888888888888888,-0.5208333333333333,1.25,0.41666666666666674,-0.27777777777777773,-3.125
2026-05-01,-0.625,0.8333333333333335,-1.3888888888888888,0.3125,1.25,-1.458333333333333,-0.27777777777777773,1.2499999999999998
2026-05-08,-1.25,-0.41666666666666663,-0.2777777777777778,1.875,5.0,-1.458333333333333,1.9444444444444442,0.3125
2026-05-15,0.0,1.4583333333333335,1.3888888888888886,3.125,5.0,-1.458333333333333,1.9444444444444442,3.229166666666667
2026-05-22,-3.333333333333333,-0.20833333333333315,1.3888888888888886,1.5625,1.25,0.4166666666666666,1.9444444444444442,3.229166666666667
2026-05-29,-4.583333333333333,-3.125,1.3888888888888886,-2.1875,0.0,0.8333333333333331,1.9444444444444442,0.10416666666666669
2026-06-05,-2.916666666666666,-1.458333333333333,-2.2222222222222223,1.0416666666666665,1.25,0.8333333333333331,1.9444444444444442,2.8125
2026-06-12,-5.416666666666666,-1.458333333333333,-2.2222222222222223,-0.20833333333333337,-1.25,-0.41666666666666685,1.9444444444444442,1.0416666666666665
2026-06-19,-5.416666666666666,-0.625,-4.722222222222222,-0.20833333333333337,-1.0416666666666665,-0.41666666666666674,1.9444444444444442,0.3125
2026-06-26,-3.333333333333333,0.625,-4.722222222222222,-1.1458333333333335,1.4583333333333335,3.333333333333333,1.9444444444444442,1.1458333333333333
2026-07-03,-3.333333333333333,3.541666666666666,-4.722222222222222,-1.5625,-0.10416666666666657,1.6666666666666665,1.9444444444444442,1.5625
2026-07-10,-2.083333333333333,3.541666666666666,-1.3888888888888888,-0.3125,0.5208333333333335,2.2222222222222223,1.9444444444444442,1.5625
2026-07-17,-2.083333333333333,1.6666666666666665,0.27777777777777773,0.9375,3.020833333333334,2.2222222222222223,1.9444444444444442,0.5208333333333333
2026-07-21,-2.083333333333333,0.41666666666666663,1.1111111111111112,2.1875,3.020833333333334,2.2222222222222223,1.9444444444444442,-0.7291666666666667
