currency,indicator_key,total_rows,no_consensus_rows,pct_no_consensus
AUD,manufacturing_pmi,7,7,100.0
AUD,services_pmi,7,7,100.0
CAD,core_cpi,44,44,100.0
NZD,manufacturing_pmi,43,43,100.0
NZD,services_pmi,43,43,100.0
CAD,manufacturing_pmi,41,39,95.1
CAD,gdp_qoq,32,6,18.8
EUR,gdp_qoq,12,2,16.7
GBP,gdp_qoq,37,5,13.5
CHF,cpi_yoy,32,4,12.5
GBP,ppi_yoy,30,3,10.0
USD,ppi_yoy,38,3,7.9
CHF,ppi_yoy,38,2,5.3
CAD,ppi_yoy,39,2,5.1
CAD,cpi_yoy,40,2,5.0
USD,core_pce,39,1,2.6
EUR,ppi_yoy,42,1,2.4
USD,jolts,44,1,2.3
USD,wage_growth,43,1,2.3
USD,jobless_claims,182,2,1.1
AUD,core_cpi,13,0,0.0
AUD,cpi_monthly,1,0,0.0
AUD,cpi_yoy,43,0,0.0
AUD,employment_change,44,0,0.0
AUD,gdp_qoq,13,0,0.0
AUD,interest_rate_decision,30,0,0.0
AUD,ppi_yoy,14,0,0.0
AUD,retail_sales,33,0,0.0
AUD,unemployment_rate,41,0,0.0
AUD,wage_growth,15,0,0.0
CAD,employment_change,43,0,0.0
CAD,interest_rate_decision,30,0,0.0
CAD,retail_sales,43,0,0.0
CAD,unemployment_rate,42,0,0.0
CHF,gdp_qoq,13,0,0.0
CHF,interest_rate_decision,9,0,0.0
CHF,manufacturing_pmi,7,0,0.0
CHF,retail_sales,49,0,0.0
CHF,unemployment_rate,42,0,0.0
EUR,core_cpi,43,0,0.0
EUR,cpi_yoy,43,0,0.0
EUR,employment_change,14,0,0.0
EUR,interest_rate_decision,30,0,0.0
EUR,manufacturing_pmi,7,0,0.0
EUR,retail_sales,43,0,0.0
EUR,services_pmi,7,0,0.0
EUR,unemployment_rate,44,0,0.0
GBP,core_cpi,43,0,0.0
GBP,cpi_yoy,43,0,0.0
GBP,employment_change,45,0,0.0
GBP,interest_rate_decision,27,0,0.0
GBP,manufacturing_pmi,41,0,0.0
GBP,retail_sales,45,0,0.0
GBP,services_pmi,43,0,0.0
GBP,unemployment_rate,44,0,0.0
GBP,wage_growth,44,0,0.0
JPY,core_cpi,42,0,0.0
JPY,cpi_yoy,43,0,0.0
JPY,gdp_qoq,2,0,0.0
JPY,interest_rate_decision,28,0,0.0
JPY,manufacturing_pmi,7,0,0.0
JPY,retail_sales,41,0,0.0
JPY,unemployment_rate,42,0,0.0
JPY,wage_growth,43,0,0.0
NZD,cpi_yoy,16,0,0.0
NZD,employment_change,14,0,0.0
NZD,gdp_qoq,13,0,0.0
NZD,interest_rate_decision,26,0,0.0
NZD,ppi_yoy,15,0,0.0
NZD,retail_sales,13,0,0.0
NZD,unemployment_rate,14,0,0.0
NZD,wage_growth,14,0,0.0
USD,adp,43,0,0.0
USD,core_cpi,38,0,0.0
USD,cpi_yoy,42,0,0.0
USD,employment_change,45,0,0.0
USD,gdp_qoq,13,0,0.0
USD,interest_rate_decision,30,0,0.0
USD,manufacturing_pmi,42,0,0.0
USD,retail_sales,43,0,0.0
USD,services_pmi,42,0,0.0
USD,unemployment_rate,42,0,0.0
