currency,indicator_key,symbol,n_valid_surprises,n_overlap_naive,n_overlap_eet
USD,jobless_claims,NZDUSD,177,80,80
USD,jobless_claims,USDCAD,177,80,80
USD,jobless_claims,USDCHF,177,80,80
USD,jobless_claims,GBPUSD,177,80,80
USD,jobless_claims,AUDUSD,177,79,79
USD,jobless_claims,USDJPY,177,79,79
USD,jobless_claims,EURUSD,177,79,79
CHF,retail_sales,CADCHF,47,22,23
CHF,retail_sales,EURCHF,47,22,23
CHF,retail_sales,CHFJPY,47,22,23
CHF,retail_sales,AUDCHF,47,22,23
CHF,retail_sales,NZDCHF,47,22,23
CHF,retail_sales,USDCHF,47,22,23
CHF,retail_sales,GBPCHF,47,22,23
GBP,unemployment_rate,GBPCAD,43,21,21
GBP,unemployment_rate,GBPJPY,43,21,21
GBP,unemployment_rate,GBPCHF,43,21,21
GBP,unemployment_rate,GBPAUD,43,21,21
GBP,unemployment_rate,GBPNZD,43,21,21
GBP,unemployment_rate,EURGBP,43,21,21
GBP,unemployment_rate,GBPUSD,43,21,21
EUR,unemployment_rate,EURAUD,44,21,21
GBP,wage_growth,GBPCAD,43,21,21
GBP,wage_growth,GBPUSD,43,21,21
EUR,unemployment_rate,EURCAD,44,21,21
GBP,wage_growth,EURGBP,43,21,21
GBP,wage_growth,GBPJPY,43,21,21
GBP,wage_growth,GBPCHF,43,21,21
GBP,wage_growth,GBPAUD,43,21,21
GBP,wage_growth,GBPNZD,43,21,21
GBP,employment_change,GBPCHF,44,21,21
EUR,unemployment_rate,EURCHF,44,21,21
EUR,unemployment_rate,EURJPY,44,21,21
EUR,unemployment_rate,EURNZD,44,21,21
GBP,retail_sales,EURGBP,44,21,21
GBP,retail_sales,GBPCAD,44,21,21
GBP,retail_sales,GBPNZD,44,21,21
GBP,employment_change,GBPNZD,44,21,21
GBP,employment_change,GBPCAD,44,21,21
GBP,employment_change,GBPJPY,44,21,21
GBP,employment_change,EURGBP,44,21,21
GBP,employment_change,GBPUSD,44,21,21
CAD,core_cpi,CADCHF,43,21,21
CAD,core_cpi,NZDCAD,43,21,21
CAD,core_cpi,AUDCAD,43,21,21
CAD,core_cpi,CADJPY,43,21,21
CAD,core_cpi,GBPCAD,43,21,21
CAD,core_cpi,EURCAD,43,21,21
CAD,core_cpi,USDCAD,43,21,21
GBP,retail_sales,GBPUSD,44,21,21
EUR,unemployment_rate,EURUSD,44,21,21
GBP,retail_sales,GBPJPY,44,21,21
GBP,retail_sales,GBPCHF,44,21,21
GBP,retail_sales,GBPAUD,44,21,21
EUR,unemployment_rate,EURGBP,44,21,21
GBP,employment_change,GBPAUD,44,21,21
JPY,cpi_yoy,EURJPY,42,20,20
USD,retail_sales,AUDUSD,42,20,20
CAD,retail_sales,AUDCAD,42,20,20
CAD,retail_sales,NZDCAD,42,20,20
CAD,retail_sales,CADCHF,42,20,20
USD,durable_goods_orders_mm,EURUSD,40,20,20
GBP,cpi_yoy,EURGBP,42,20,20
USD,retail_sales,NZDUSD,42,20,20
USD,retail_sales,USDCAD,42,20,20
USD,durable_goods_orders_mm,USDCAD,40,20,20
USD,retail_sales,USDCHF,42,20,20
GBP,cpi_yoy,GBPUSD,42,20,20
GBP,core_cpi,GBPCAD,42,20,20
GBP,core_cpi,GBPNZD,42,20,20
JPY,cpi_yoy,USDJPY,42,20,20
USD,retail_sales,USDJPY,42,20,20
CAD,retail_sales,CADJPY,42,20,20
CAD,retail_sales,GBPCAD,42,20,20
CAD,retail_sales,EURCAD,42,20,20
CAD,retail_sales,USDCAD,42,20,20
GBP,cpi_yoy,GBPJPY,42,20,20
GBP,cpi_yoy,GBPCHF,42,20,20
GBP,cpi_yoy,GBPAUD,42,20,20
GBP,cpi_yoy,GBPNZD,42,20,20
GBP,cpi_yoy,GBPCAD,42,20,20
USD,durable_goods_orders_mm,AUDUSD,40,20,20
USD,durable_goods_orders_mm,NZDUSD,40,20,20
USD,employment_change,GBPUSD,44,20,20
USD,employment_change,USDJPY,44,20,20
USD,employment_change,USDCHF,44,20,20
USD,employment_change,USDCAD,44,20,20
USD,employment_change,AUDUSD,44,20,20
USD,employment_change,NZDUSD,44,20,20
USD,retail_sales,GBPUSD,42,20,20
GBP,core_cpi,GBPAUD,42,20,20
USD,durable_goods_orders_mm,USDCHF,40,20,20
AUD,employment_change,AUDJPY,43,20,20
JPY,cpi_yoy,GBPJPY,42,20,20
JPY,cpi_yoy,AUDJPY,42,20,20
JPY,cpi_yoy,NZDJPY,42,20,20
JPY,cpi_yoy,CADJPY,42,20,20
JPY,cpi_yoy,CHFJPY,42,20,20
USD,durable_goods_orders_mm,USDJPY,40,20,20
USD,retail_sales,EURUSD,42,20,20
AUD,employment_change,AUDCHF,43,20,20
AUD,employment_change,AUDCAD,43,20,20
AUD,employment_change,AUDNZD,43,20,20
USD,employment_change,EURUSD,44,20,20
AUD,employment_change,GBPAUD,43,20,20
AUD,employment_change,EURAUD,43,20,20
GBP,core_cpi,GBPUSD,42,20,20
USD,durable_goods_orders_mm,GBPUSD,40,20,20
GBP,core_cpi,GBPCHF,42,20,20
GBP,core_cpi,GBPJPY,42,20,20
GBP,core_cpi,EURGBP,42,20,20
CHF,unemployment_rate,GBPCHF,41,19,19
CHF,unemployment_rate,AUDCHF,41,19,19
EUR,services_pmi,EURCHF,41,19,19
EUR,services_pmi,EURAUD,41,19,19
EUR,services_pmi,EURNZD,41,19,19
EUR,services_pmi,EURCAD,41,19,19
EUR,retail_sales,EURUSD,42,19,19
CHF,unemployment_rate,CADCHF,41,19,19
CHF,unemployment_rate,NZDCHF,41,19,19
EUR,services_pmi,EURJPY,41,19,19
CHF,unemployment_rate,EURCHF,41,19,19
EUR,services_pmi,EURGBP,41,19,19
EUR,services_pmi,EURUSD,41,19,19
EUR,retail_sales,EURCAD,42,19,19
EUR,retail_sales,EURNZD,42,19,19
EUR,retail_sales,EURAUD,42,19,19
EUR,retail_sales,EURCHF,42,19,19
EUR,retail_sales,EURGBP,42,19,19
CHF,unemployment_rate,USDCHF,41,19,19
CHF,unemployment_rate,CHFJPY,41,19,19
EUR,retail_sales,EURJPY,42,19,19
CAD,employment_change,EURCAD,42,19,19
GBP,industrial_production_mm,GBPUSD,38,19,19
JPY,tokyo_core_cpi_yoy,CADJPY,45,19,20
JPY,tokyo_core_cpi_yoy,AUDJPY,45,19,20
JPY,tokyo_core_cpi_yoy,GBPJPY,45,19,20
GBP,services_pmi,GBPUSD,43,19,19
GBP,services_pmi,EURGBP,43,19,19
GBP,services_pmi,GBPJPY,43,19,19
GBP,services_pmi,GBPAUD,43,19,19
GBP,services_pmi,GBPNZD,43,19,19
GBP,services_pmi,GBPCAD,43,19,19
JPY,tokyo_core_cpi_yoy,EURJPY,45,19,20
JPY,core_cpi,USDJPY,41,19,19
JPY,core_cpi,EURJPY,41,19,19
JPY,core_cpi,GBPJPY,41,19,19
JPY,core_cpi,AUDJPY,41,19,19
JPY,core_cpi,NZDJPY,41,19,19
JPY,core_cpi,CADJPY,41,19,19
JPY,core_cpi,CHFJPY,41,19,19
JPY,tokyo_core_cpi_yoy,USDJPY,45,19,20
GBP,industrial_production_mm,EURGBP,38,19,19
AUD,employment_change,AUDUSD,43,19,19
JPY,tokyo_core_cpi_yoy,NZDJPY,45,19,20
GBP,services_pmi,GBPCHF,43,19,19
JPY,tokyo_core_cpi_yoy,CHFJPY,45,19,20
CAD,employment_change,AUDCAD,42,19,19
GBP,industrial_production_mm,GBPJPY,38,19,19
GBP,industrial_production_mm,GBPCHF,38,19,19
GBP,industrial_production_mm,GBPAUD,38,19,19
JPY,unemployment_rate,USDJPY,42,19,20
GBP,industrial_production_mm,GBPCAD,38,19,19
JPY,unemployment_rate,CHFJPY,42,19,20
CAD,employment_change,CADCHF,42,19,19
CAD,employment_change,NZDCAD,42,19,19
GBP,industrial_production_mm,GBPNZD,38,19,19
CAD,employment_change,CADJPY,42,19,19
CAD,employment_change,USDCAD,42,19,19
JPY,unemployment_rate,EURJPY,42,19,20
CAD,employment_change,GBPCAD,42,19,19
JPY,unemployment_rate,AUDJPY,42,19,20
JPY,unemployment_rate,NZDJPY,42,19,20
JPY,unemployment_rate,GBPJPY,42,19,20
JPY,unemployment_rate,CADJPY,42,19,20
JPY,sppi_yoy,USDJPY,43,18,21
EUR,manufacturing_pmi,EURJPY,40,18,18
EUR,manufacturing_pmi,EURGBP,40,18,18
EUR,manufacturing_pmi,EURUSD,40,18,18
JPY,retail_sales,AUDJPY,42,18,21
JPY,retail_sales,NZDJPY,42,18,21
JPY,retail_sales,CADJPY,42,18,21
JPY,retail_sales,CHFJPY,42,18,21
EUR,cpi_yoy,EURCAD,42,18,18
USD,adp,EURUSD,41,18,18
JPY,sppi_yoy,EURJPY,43,18,20
JPY,sppi_yoy,GBPJPY,43,18,20
EUR,manufacturing_pmi,EURAUD,40,18,18
JPY,sppi_yoy,AUDJPY,43,18,20
JPY,sppi_yoy,NZDJPY,43,18,20
JPY,sppi_yoy,CADJPY,43,18,21
JPY,sppi_yoy,CHFJPY,43,18,21
EUR,manufacturing_pmi,EURCHF,40,18,18
USD,adp,GBPUSD,41,18,18
EUR,manufacturing_pmi,EURNZD,40,18,18
USD,cpi_yoy,EURUSD,41,18,18
GBP,manufacturing_pmi,GBPUSD,41,18,18
GBP,manufacturing_pmi,EURGBP,41,18,18
GBP,manufacturing_pmi,GBPJPY,41,18,18
EUR,cpi_yoy,EURAUD,42,18,18
GBP,manufacturing_pmi,GBPCHF,41,18,18
GBP,manufacturing_pmi,GBPAUD,41,18,18
GBP,manufacturing_pmi,GBPNZD,41,18,18
GBP,manufacturing_pmi,GBPCAD,41,18,18
USD,cpi_yoy,NZDUSD,41,18,18
USD,cpi_yoy,AUDUSD,41,18,18
USD,cpi_yoy,USDCAD,41,18,18
USD,cpi_yoy,USDCHF,41,18,18
USD,cpi_yoy,USDJPY,41,18,18
USD,cpi_yoy,GBPUSD,41,18,18
USD,adp,NZDUSD,41,18,18
EUR,manufacturing_pmi,EURCAD,40,18,18
USD,adp,AUDUSD,41,18,18
USD,adp,USDCAD,41,18,18
USD,adp,USDCHF,41,18,18
USD,adp,USDJPY,41,18,18
JPY,retail_sales,USDJPY,42,18,21
JPY,retail_sales,EURJPY,42,18,21
JPY,retail_sales,GBPJPY,42,18,21
EUR,ppi_yoy,EURCAD,40,18,18
EUR,ppi_yoy,EURNZD,40,18,18
EUR,ppi_yoy,EURAUD,40,18,18
EUR,ppi_yoy,EURCHF,40,18,18
EUR,ppi_yoy,EURJPY,40,18,18
EUR,ppi_yoy,EURGBP,40,18,18
EUR,ppi_yoy,EURUSD,40,18,18
EUR,cpi_yoy,EURNZD,42,18,18
USD,wage_growth,NZDUSD,41,18,18
EUR,cpi_yoy,EURCHF,42,18,18
USD,personal_spending_mm,GBPUSD,40,18,18
CAD,ppi_yoy,USDCAD,36,18,18
CAD,ppi_yoy,EURCAD,36,18,18
CAD,ppi_yoy,GBPCAD,36,18,18
CAD,ppi_yoy,CADJPY,36,18,18
CAD,ppi_yoy,AUDCAD,36,18,18
CAD,ppi_yoy,NZDCAD,36,18,18
CAD,ppi_yoy,CADCHF,36,18,18
USD,personal_spending_mm,EURUSD,40,18,18
USD,personal_spending_mm,USDJPY,40,18,18
USD,personal_spending_mm,NZDUSD,40,18,18
USD,personal_spending_mm,USDCHF,40,18,18
CAD,unemployment_rate,USDCAD,41,18,18
CAD,unemployment_rate,EURCAD,41,18,18
CAD,unemployment_rate,GBPCAD,41,18,18
CAD,unemployment_rate,CADJPY,41,18,18
CAD,unemployment_rate,AUDCAD,41,18,18
CAD,unemployment_rate,NZDCAD,41,18,18
CAD,unemployment_rate,CADCHF,41,18,18
USD,jolts,EURUSD,41,18,18
AUD,unemployment_rate,EURAUD,40,18,18
AUD,unemployment_rate,GBPAUD,40,18,18
AUD,unemployment_rate,AUDJPY,40,18,18
USD,jolts,GBPUSD,41,18,18
USD,jolts,USDJPY,41,18,18
USD,jolts,USDCHF,41,18,18
USD,jolts,USDCAD,41,18,18
USD,jolts,AUDUSD,41,18,18
USD,jolts,NZDUSD,41,18,18
USD,manufacturing_pmi,EURUSD,41,18,18
USD,manufacturing_pmi,GBPUSD,41,18,18
USD,manufacturing_pmi,USDJPY,41,18,18
USD,manufacturing_pmi,USDCHF,41,18,18
USD,manufacturing_pmi,USDCAD,41,18,18
USD,manufacturing_pmi,AUDUSD,41,18,18
USD,manufacturing_pmi,NZDUSD,41,18,18
EUR,cpi_yoy,EURJPY,42,18,18
AUD,unemployment_rate,AUDCHF,40,18,18
AUD,unemployment_rate,AUDCAD,40,18,18
AUD,unemployment_rate,AUDNZD,40,18,18
USD,personal_spending_mm,AUDUSD,40,18,18
USD,personal_spending_mm,USDCAD,40,18,18
CHF,manufacturing_pmi,EURCHF,40,18,18
USD,services_pmi,USDCHF,41,18,18
CHF,manufacturing_pmi,CHFJPY,40,18,18
USD,wage_growth,GBPUSD,41,18,18
USD,wage_growth,EURUSD,41,18,18
CHF,manufacturing_pmi,AUDCHF,40,18,18
CHF,manufacturing_pmi,NZDCHF,40,18,18
CHF,manufacturing_pmi,CADCHF,40,18,18
USD,services_pmi,USDCAD,41,18,18
USD,services_pmi,AUDUSD,41,18,18
USD,services_pmi,NZDUSD,41,18,18
USD,unemployment_rate,EURUSD,41,18,18
USD,unemployment_rate,GBPUSD,41,18,18
USD,unemployment_rate,NZDUSD,41,18,18
USD,unemployment_rate,AUDUSD,41,18,18
USD,unemployment_rate,USDCAD,41,18,18
USD,unemployment_rate,USDCHF,41,18,18
CHF,manufacturing_pmi,GBPCHF,40,18,18
CHF,manufacturing_pmi,USDCHF,40,18,18
USD,wage_growth,USDCAD,41,18,18
EUR,core_cpi,EURJPY,42,18,18
EUR,cpi_yoy,EURGBP,42,18,18
USD,wage_growth,AUDUSD,41,18,18
EUR,cpi_yoy,EURUSD,42,18,18
EUR,core_cpi,EURCAD,42,18,18
EUR,core_cpi,EURNZD,42,18,18
EUR,core_cpi,EURAUD,42,18,18
EUR,core_cpi,EURCHF,42,18,18
USD,unemployment_rate,USDJPY,41,18,18
EUR,core_cpi,EURGBP,42,18,18
EUR,core_cpi,EURUSD,42,18,18
USD,wage_growth,USDCHF,41,18,18
USD,wage_growth,USDJPY,41,18,18
USD,services_pmi,EURUSD,41,18,18
USD,services_pmi,GBPUSD,41,18,18
USD,services_pmi,USDJPY,41,18,18
AUD,retail_sales,AUDCHF,40,17,17
AUD,unemployment_rate,AUDUSD,40,17,17
AUD,cpi_yoy,AUDCAD,41,17,17
AUD,retail_sales,AUDNZD,40,17,17
AUD,retail_sales,AUDCAD,40,17,17
USD,personal_income_mm,USDCAD,39,17,17
AUD,retail_sales,AUDJPY,40,17,17
AUD,retail_sales,GBPAUD,40,17,17
JPY,manufacturing_pmi,CHFJPY,36,17,17
JPY,manufacturing_pmi,CADJPY,36,17,17
JPY,manufacturing_pmi,NZDJPY,36,17,17
JPY,manufacturing_pmi,AUDJPY,36,17,17
JPY,manufacturing_pmi,GBPJPY,36,17,17
JPY,manufacturing_pmi,EURJPY,36,17,17
JPY,manufacturing_pmi,USDJPY,36,17,17
AUD,cpi_yoy,AUDNZD,41,17,17
AUD,cpi_yoy,AUDJPY,41,17,17
CAD,cpi_yoy,EURCAD,37,17,17
AUD,cpi_yoy,GBPAUD,41,17,17
AUD,cpi_yoy,EURAUD,41,17,17
AUD,cpi_yoy,AUDUSD,41,17,17
USD,personal_income_mm,NZDUSD,39,17,17
USD,personal_income_mm,AUDUSD,39,17,17
AUD,cpi_yoy,AUDCHF,41,17,17
USD,personal_income_mm,USDCHF,39,17,17
USD,personal_income_mm,USDJPY,39,17,17
USD,personal_income_mm,GBPUSD,39,17,17
AUD,retail_sales,AUDUSD,40,17,17
AUD,retail_sales,EURAUD,40,17,17
CAD,cpi_yoy,USDCAD,37,17,17
USD,personal_income_mm,EURUSD,39,17,17
CAD,cpi_yoy,GBPCAD,37,17,17
USD,import_prices,USDCHF,35,17,17
CAD,cpi_yoy,CADJPY,37,17,17
USD,import_prices,EURUSD,35,17,17
CHF,ppi_yoy,NZDCHF,35,17,17
CHF,ppi_yoy,AUDCHF,35,17,17
CHF,ppi_yoy,CHFJPY,35,17,17
USD,import_prices,NZDUSD,35,17,17
USD,import_prices,AUDUSD,35,17,17
USD,import_prices,USDCAD,35,17,17
CHF,ppi_yoy,CADCHF,35,17,17
USD,import_prices,USDJPY,35,17,17
CAD,cpi_yoy,AUDCAD,37,17,17
USD,import_prices,GBPUSD,35,17,17
CAD,cpi_yoy,NZDCAD,37,17,17
CAD,cpi_yoy,CADCHF,37,17,17
CHF,ppi_yoy,GBPCHF,35,17,17
CHF,ppi_yoy,EURCHF,35,17,17
CHF,ppi_yoy,USDCHF,35,17,17
USD,core_cpi,USDCHF,37,16,16
USD,core_cpi,USDJPY,37,16,16
USD,core_cpi,GBPUSD,37,16,16
USD,core_cpi,EURUSD,37,16,16
USD,core_cpi,USDCAD,37,16,16
USD,core_cpi,AUDUSD,37,16,16
USD,core_cpi,NZDUSD,37,16,16
USD,core_pce,EURUSD,38,16,16
USD,core_pce,GBPUSD,38,16,16
USD,core_pce,USDJPY,38,16,16
USD,core_pce,USDCHF,38,16,16
USD,core_pce,USDCAD,38,16,16
USD,core_pce,AUDUSD,38,16,16
USD,core_pce,NZDUSD,38,16,16
JPY,industrial_production_mm,GBPJPY,39,16,19
JPY,industrial_production_mm,USDJPY,39,16,19
JPY,industrial_production_mm,EURJPY,39,16,19
JPY,industrial_production_mm,AUDJPY,39,16,19
JPY,industrial_production_mm,NZDJPY,39,16,19
JPY,industrial_production_mm,CADJPY,39,16,19
JPY,industrial_production_mm,CHFJPY,39,16,19
USD,industrial_production_mm,NZDUSD,31,16,16
USD,industrial_production_mm,AUDUSD,31,16,16
USD,industrial_production_mm,USDCAD,31,16,16
USD,industrial_production_mm,USDCHF,31,16,16
USD,industrial_production_mm,USDJPY,31,16,16
USD,industrial_production_mm,GBPUSD,31,16,16
USD,industrial_production_mm,EURUSD,31,16,16
USD,interest_rate_decision,EURUSD,29,15,15
USD,interest_rate_decision,USDJPY,29,15,15
USD,interest_rate_decision,USDCHF,29,15,15
USD,interest_rate_decision,GBPUSD,29,15,15
USD,interest_rate_decision,USDCAD,29,15,15
GBP,gdp_qoq,GBPCHF,31,15,15
GBP,gdp_qoq,GBPJPY,31,15,15
GBP,gdp_qoq,EURGBP,31,15,15
GBP,gdp_qoq,GBPUSD,31,15,15
GBP,gdp_qoq,GBPNZD,31,15,15
GBP,gdp_qoq,GBPCAD,31,15,15
USD,interest_rate_decision,NZDUSD,29,15,15
USD,interest_rate_decision,AUDUSD,29,15,15
GBP,gdp_qoq,GBPAUD,31,15,15
GBP,interest_rate_decision,GBPAUD,28,14,14
GBP,interest_rate_decision,GBPCHF,28,14,14
EUR,interest_rate_decision,EURAUD,29,14,14
EUR,interest_rate_decision,EURNZD,29,14,14
EUR,interest_rate_decision,EURCAD,29,14,14
CAD,gdp_qoq,USDCAD,25,14,14
CAD,gdp_qoq,EURCAD,25,14,14
CAD,interest_rate_decision,GBPCAD,29,14,14
CAD,interest_rate_decision,EURCAD,29,14,14
CAD,interest_rate_decision,USDCAD,29,14,14
USD,ppi_yoy,NZDUSD,34,14,14
CAD,gdp_qoq,CADCHF,25,14,14
CAD,gdp_qoq,NZDCAD,25,14,14
CAD,gdp_qoq,AUDCAD,25,14,14
CAD,gdp_qoq,GBPCAD,25,14,14
GBP,interest_rate_decision,GBPCAD,28,14,14
GBP,interest_rate_decision,GBPNZD,28,14,14
CAD,gdp_qoq,CADJPY,25,14,14
GBP,interest_rate_decision,GBPUSD,28,14,14
GBP,interest_rate_decision,EURGBP,28,14,14
GBP,interest_rate_decision,GBPJPY,28,14,14
JPY,core_machinery_orders_mm,NZDJPY,40,14,18
EUR,interest_rate_decision,EURCHF,29,14,14
CAD,interest_rate_decision,NZDCAD,29,14,14
USD,ppi_yoy,GBPUSD,34,14,14
JPY,core_machinery_orders_mm,CHFJPY,40,14,18
JPY,core_machinery_orders_mm,CADJPY,40,14,18
JPY,core_machinery_orders_mm,AUDJPY,40,14,18
CAD,interest_rate_decision,CADJPY,29,14,14
CAD,interest_rate_decision,AUDCAD,29,14,14
JPY,core_machinery_orders_mm,GBPJPY,40,14,18
JPY,core_machinery_orders_mm,USDJPY,40,14,18
CAD,interest_rate_decision,CADCHF,29,14,14
USD,ppi_yoy,USDCAD,34,14,14
JPY,core_machinery_orders_mm,EURJPY,40,14,18
USD,ppi_yoy,USDCHF,34,14,14
EUR,interest_rate_decision,EURJPY,29,14,14
JPY,wage_growth,CADJPY,42,13,19
JPY,wage_growth,EURJPY,42,13,19
JPY,wage_growth,CHFJPY,42,13,19
JPY,wage_growth,NZDJPY,42,13,19
USD,ppi_yoy,EURUSD,34,13,13
JPY,wage_growth,USDJPY,42,13,19
USD,ppi_yoy,USDJPY,34,13,13
USD,ppi_yoy,AUDUSD,34,13,13
EUR,interest_rate_decision,EURGBP,29,13,13
EUR,interest_rate_decision,EURUSD,29,13,13
JPY,wage_growth,AUDJPY,42,13,19
JPY,wage_growth,GBPJPY,42,13,19
NZD,interest_rate_decision,AUDNZD,26,12,12
NZD,interest_rate_decision,NZDCAD,26,12,12
NZD,interest_rate_decision,NZDCHF,26,12,12
NZD,interest_rate_decision,NZDJPY,26,12,12
NZD,interest_rate_decision,GBPNZD,26,12,12
NZD,interest_rate_decision,NZDUSD,26,12,12
CHF,cpi_yoy,GBPCHF,28,12,12
CHF,cpi_yoy,CADCHF,28,12,12
CHF,cpi_yoy,EURCHF,28,12,12
AUD,interest_rate_decision,AUDCHF,30,12,12
AUD,interest_rate_decision,AUDCAD,30,12,12
AUD,interest_rate_decision,AUDNZD,30,12,12
AUD,interest_rate_decision,AUDJPY,30,12,12
AUD,interest_rate_decision,GBPAUD,30,12,12
AUD,interest_rate_decision,EURAUD,30,12,12
AUD,interest_rate_decision,AUDUSD,30,12,12
CHF,cpi_yoy,USDCHF,28,12,12
NZD,interest_rate_decision,EURNZD,26,12,12
CHF,cpi_yoy,NZDCHF,28,12,12
CHF,cpi_yoy,CHFJPY,28,12,12
CHF,cpi_yoy,AUDCHF,28,12,12
JPY,interest_rate_decision,EURJPY,27,11,13
JPY,interest_rate_decision,GBPJPY,27,11,13
JPY,interest_rate_decision,AUDJPY,27,11,13
JPY,interest_rate_decision,NZDJPY,27,11,13
JPY,interest_rate_decision,CADJPY,27,11,13
JPY,interest_rate_decision,CHFJPY,27,11,13
JPY,interest_rate_decision,USDJPY,27,11,13
GBP,ppi_yoy,GBPCHF,26,8,8
CHF,gdp_qoq,CADCHF,13,8,8
CHF,gdp_qoq,GBPCHF,13,8,8
CHF,gdp_qoq,NZDCHF,13,8,8
GBP,ppi_yoy,GBPCAD,26,8,8
CHF,gdp_qoq,AUDCHF,13,8,8
CHF,gdp_qoq,CHFJPY,13,8,8
GBP,ppi_yoy,GBPNZD,26,8,8
GBP,ppi_yoy,GBPAUD,26,8,8
CHF,gdp_qoq,USDCHF,13,8,8
GBP,ppi_yoy,GBPJPY,26,8,8
GBP,ppi_yoy,EURGBP,26,8,8
GBP,ppi_yoy,GBPUSD,26,8,8
CHF,gdp_qoq,EURCHF,13,8,8
AUD,ppi_yoy,AUDJPY,15,7,7
AUD,ppi_yoy,AUDNZD,15,7,7
AUD,wage_growth,AUDCAD,15,7,7
AUD,wage_growth,AUDCHF,15,7,7
AUD,wage_growth,EURAUD,15,7,7
AUD,wage_growth,AUDNZD,15,7,7
AUD,wage_growth,AUDJPY,15,7,7
AUD,wage_growth,GBPAUD,15,7,7
AUD,ppi_yoy,EURAUD,15,7,7
AUD,wage_growth,AUDUSD,15,7,7
AUD,ppi_yoy,GBPAUD,15,7,7
USD,gdp_price_index,EURUSD,16,7,7
AUD,ppi_yoy,AUDUSD,15,7,7
USD,gdp_price_index,NZDUSD,16,7,7
NZD,gdp_qoq,NZDUSD,13,7,7
NZD,gdp_qoq,EURNZD,13,7,7
NZD,gdp_qoq,GBPNZD,13,7,7
NZD,gdp_qoq,NZDJPY,13,7,7
NZD,gdp_qoq,AUDNZD,13,7,7
NZD,gdp_qoq,NZDCAD,13,7,7
NZD,gdp_qoq,NZDCHF,13,7,7
USD,gdp_price_index,AUDUSD,16,7,7
USD,gdp_price_index,USDCAD,16,7,7
USD,gdp_price_index,USDCHF,16,7,7
USD,gdp_price_index,USDJPY,16,7,7
USD,gdp_price_index,GBPUSD,16,7,7
AUD,ppi_yoy,AUDCAD,15,7,7
AUD,ppi_yoy,AUDCHF,15,7,7
AUD,gdp_qoq,AUDCHF,13,6,6
AUD,gdp_qoq,AUDCAD,13,6,6
EUR,employment_change,EURNZD,14,6,6
EUR,employment_change,EURCAD,14,6,6
EUR,employment_change,EURUSD,14,6,6
EUR,employment_change,EURAUD,14,6,6
EUR,employment_change,EURCHF,14,6,6
EUR,employment_change,EURJPY,14,6,6
EUR,employment_change,EURGBP,14,6,6
NZD,employment_change,GBPNZD,14,6,6
AUD,gdp_qoq,AUDNZD,13,6,6
NZD,employment_change,EURNZD,14,6,6
AUD,gdp_qoq,GBPAUD,13,6,6
NZD,ppi_yoy,NZDJPY,15,6,7
NZD,unemployment_rate,GBPNZD,14,6,6
NZD,unemployment_rate,EURNZD,14,6,6
NZD,unemployment_rate,NZDUSD,14,6,6
AUD,gdp_qoq,EURAUD,13,6,6
NZD,ppi_yoy,NZDCHF,15,6,7
NZD,ppi_yoy,NZDCAD,15,6,7
NZD,ppi_yoy,AUDNZD,15,6,7
NZD,ppi_yoy,GBPNZD,15,6,7
NZD,unemployment_rate,AUDNZD,14,6,6
NZD,ppi_yoy,EURNZD,15,6,7
NZD,ppi_yoy,NZDUSD,15,6,7
NZD,employment_change,NZDUSD,14,6,6
NZD,employment_change,NZDCHF,14,6,6
NZD,employment_change,NZDCAD,14,6,6
NZD,employment_change,AUDNZD,14,6,6
NZD,employment_change,NZDJPY,14,6,6
NZD,unemployment_rate,NZDJPY,14,6,6
AUD,gdp_qoq,AUDJPY,13,6,6
NZD,unemployment_rate,NZDCAD,14,6,6
NZD,wage_growth,AUDNZD,14,6,6
NZD,wage_growth,NZDUSD,14,6,6
NZD,wage_growth,EURNZD,14,6,6
NZD,wage_growth,GBPNZD,14,6,6
NZD,wage_growth,NZDJPY,14,6,6
AUD,gdp_qoq,AUDUSD,13,6,6
NZD,unemployment_rate,NZDCHF,14,6,6
NZD,wage_growth,NZDCHF,14,6,6
NZD,wage_growth,NZDCAD,14,6,6
USD,unit_labor_costs_qoq,AUDUSD,13,5,5
USD,unit_labor_costs_qoq,NZDUSD,13,5,5
AUD,import_prices,GBPAUD,14,5,5
AUD,company_operating_profits_qoq,AUDUSD,11,5,5
AUD,import_prices,AUDJPY,14,5,5
USD,unit_labor_costs_qoq,USDCHF,13,5,5
AUD,import_prices,EURAUD,14,5,5
AUD,import_prices,AUDUSD,14,5,5
USD,unit_labor_costs_qoq,USDCAD,13,5,5
AUD,company_operating_profits_qoq,AUDCHF,11,5,5
USD,unit_labor_costs_qoq,USDJPY,13,5,5
AUD,import_prices,AUDNZD,14,5,5
AUD,import_prices,AUDCAD,14,5,5
AUD,import_prices,AUDCHF,14,5,5
USD,unit_labor_costs_qoq,GBPUSD,13,5,5
USD,unit_labor_costs_qoq,EURUSD,13,5,5
AUD,company_operating_profits_qoq,EURAUD,11,5,5
AUD,company_operating_profits_qoq,GBPAUD,11,5,5
AUD,company_operating_profits_qoq,AUDJPY,11,5,5
AUD,company_operating_profits_qoq,AUDNZD,11,5,5
AUD,company_operating_profits_qoq,AUDCAD,11,5,5
USD,gdp_qoq,USDCAD,13,5,5
NZD,cpi_yoy,NZDJPY,15,5,7
EUR,gdp_qoq,EURUSD,11,5,5
EUR,gdp_qoq,EURAUD,11,5,5
EUR,gdp_qoq,EURNZD,11,5,5
EUR,gdp_qoq,EURCAD,11,5,5
EUR,gdp_qoq,EURGBP,11,5,5
NZD,cpi_yoy,EURNZD,15,5,7
NZD,cpi_yoy,GBPNZD,15,5,7
NZD,cpi_yoy,NZDUSD,15,5,7
NZD,cpi_yoy,AUDNZD,15,5,7
NZD,cpi_yoy,NZDCAD,15,5,7
NZD,cpi_yoy,NZDCHF,15,5,7
USD,gdp_qoq,EURUSD,13,5,5
EUR,gdp_qoq,EURJPY,11,5,5
USD,gdp_qoq,GBPUSD,13,5,5
USD,gdp_qoq,USDJPY,13,5,5
USD,gdp_qoq,USDCHF,13,5,5
USD,gdp_qoq,AUDUSD,13,5,5
USD,gdp_qoq,NZDUSD,13,5,5
EUR,gdp_qoq,EURCHF,11,5,5
AUD,core_cpi,AUDUSD,12,4,4
AUD,core_cpi,EURAUD,12,4,4
AUD,core_cpi,GBPAUD,12,4,4
AUD,core_cpi,AUDJPY,12,4,4
AUD,core_cpi,AUDNZD,12,4,4
AUD,core_cpi,AUDCAD,12,4,4
AUD,core_cpi,AUDCHF,12,4,4
JPY,gdp_price_index,CHFJPY,14,3,6
JPY,gdp_price_index,CADJPY,14,3,6
JPY,gdp_price_index,NZDJPY,14,3,6
JPY,gdp_price_index,AUDJPY,14,3,6
JPY,gdp_price_index,GBPJPY,14,3,6
JPY,gdp_price_index,EURJPY,14,3,6
CHF,interest_rate_decision,CADCHF,9,3,3
NZD,retail_sales,AUDNZD,13,3,4
NZD,retail_sales,NZDCHF,13,3,4
NZD,retail_sales,NZDCAD,13,3,4
CHF,interest_rate_decision,NZDCHF,9,3,3
NZD,retail_sales,NZDJPY,13,3,4
NZD,retail_sales,GBPNZD,13,3,4
NZD,retail_sales,EURNZD,13,3,4
NZD,retail_sales,NZDUSD,13,3,4
AUD,capital_expenditure,AUDCHF,11,3,3
AUD,capital_expenditure,AUDCAD,11,3,3
AUD,capital_expenditure,AUDNZD,11,3,3
AUD,capital_expenditure,AUDJPY,11,3,3
AUD,capital_expenditure,GBPAUD,11,3,3
JPY,gdp_price_index,USDJPY,14,3,6
AUD,capital_expenditure,AUDUSD,11,3,3
CHF,interest_rate_decision,AUDCHF,9,3,3
CHF,interest_rate_decision,CHFJPY,9,3,3
CHF,interest_rate_decision,GBPCHF,9,3,3
CHF,interest_rate_decision,EURCHF,9,3,3
AUD,capital_expenditure,EURAUD,11,3,3
CHF,interest_rate_decision,USDCHF,9,3,3
JPY,capital_expenditure,CADJPY,11,2,4
JPY,capital_expenditure,NZDJPY,11,2,4
JPY,capital_expenditure,CHFJPY,11,2,4
JPY,capital_expenditure,AUDJPY,11,2,4
JPY,capital_expenditure,GBPJPY,11,2,4
JPY,capital_expenditure,EURJPY,11,2,4
JPY,capital_expenditure,USDJPY,11,2,4
JPY,gdp_qoq,GBPJPY,2,1,2
CAD,trimmed_cpi_yoy,EURCAD,1,1,1
CAD,manufacturing_pmi,CADJPY,2,1,1
CAD,manufacturing_pmi,AUDCAD,2,1,1
CAD,manufacturing_pmi,NZDCAD,2,1,1
CAD,manufacturing_pmi,CADCHF,2,1,1
CAD,trimmed_cpi_yoy,USDCAD,1,1,1
CAD,trimmed_cpi_yoy,AUDCAD,1,1,1
CAD,trimmed_cpi_yoy,GBPCAD,1,1,1
CAD,trimmed_cpi_yoy,CADJPY,1,1,1
CAD,manufacturing_pmi,EURCAD,2,1,1
CAD,trimmed_cpi_yoy,NZDCAD,1,1,1
CAD,trimmed_cpi_yoy,CADCHF,1,1,1
JPY,gdp_qoq,USDJPY,2,1,2
CAD,manufacturing_pmi,GBPCAD,2,1,1
CAD,manufacturing_pmi,USDCAD,2,1,1
JPY,gdp_qoq,AUDJPY,2,1,2
AUD,cpi_monthly,GBPAUD,1,1,1
JPY,gdp_qoq,NZDJPY,2,1,2
JPY,gdp_qoq,CADJPY,2,1,2
JPY,gdp_qoq,CHFJPY,2,1,2
AUD,cpi_monthly,AUDCHF,1,1,1
AUD,cpi_monthly,AUDCAD,1,1,1
AUD,cpi_monthly,AUDNZD,1,1,1
AUD,cpi_monthly,AUDJPY,1,1,1
AUD,cpi_monthly,EURAUD,1,1,1
CAD,common_cpi_yoy,CADCHF,1,1,1
AUD,cpi_monthly,AUDUSD,1,1,1
CAD,common_cpi_yoy,USDCAD,1,1,1
CAD,common_cpi_yoy,EURCAD,1,1,1
CAD,common_cpi_yoy,GBPCAD,1,1,1
JPY,gdp_qoq,EURJPY,2,1,2
CAD,common_cpi_yoy,AUDCAD,1,1,1
CAD,common_cpi_yoy,NZDCAD,1,1,1
CAD,common_cpi_yoy,CADJPY,1,1,1
